date,rf_rate_cad
2003/9/16,5.47E-05
2003/9/17,5.45E-05
2003/9/18,5.39E-05
2003/9/19,5.39E-05
2003/9/22,5.42E-05
2003/9/23,5.40E-05
2003/9/24,5.40E-05
2003/9/25,5.41E-05
2003/9/26,5.41E-05
2003/9/29,5.40E-05
2003/9/30,5.38E-05
2003/10/1,4.02E-05
2003/10/2,4.03E-05
2003/10/3,4.03E-05
2003/10/6,3.99E-05
2003/10/7,4.00E-05
2003/10/8,4.01E-05
2003/10/9,3.97E-05
2003/10/10,3.97E-05
2003/10/13,3.97E-05
2003/10/14,3.98E-05
2003/10/15,3.96E-05
2003/10/16,3.94E-05
2003/10/17,3.94E-05
2003/10/20,3.95E-05
2003/10/21,3.91E-05
2003/10/22,3.92E-05
2003/10/23,3.92E-05
2003/10/24,3.92E-05
2003/10/27,3.93E-05
2003/10/28,3.94E-05
2003/10/29,3.94E-05
2003/10/30,3.95E-05
2003/10/31,3.95E-05
2003/11/3,5.32E-05
2003/11/4,5.34E-05
2003/11/5,5.36E-05
2003/11/6,5.29E-05
2003/11/7,5.29E-05
2003/11/10,5.25E-05
2003/11/11,5.21E-05
2003/11/12,5.19E-05
2003/11/13,5.21E-05
2003/11/14,5.21E-05
2003/11/17,5.20E-05
2003/11/18,5.21E-05
2003/11/19,5.21E-05
2003/11/20,5.21E-05
2003/11/21,5.21E-05
2003/11/24,5.24E-05
2003/11/25,5.22E-05
2003/11/26,5.23E-05
2003/11/28,5.20E-05
2003/12/1,5.19E-05
2003/12/2,5.20E-05
2003/12/3,5.25E-05
2003/12/4,5.21E-05
2003/12/5,5.21E-05
2003/12/8,5.23E-05
2003/12/9,5.24E-05
2003/12/10,5.27E-05
2003/12/11,5.25E-05
2003/12/12,5.25E-05
2003/12/15,5.31E-05
2003/12/16,5.31E-05
2003/12/17,5.33E-05
2003/12/18,5.35E-05
2003/12/19,5.35E-05
2003/12/22,5.28E-05
2003/12/23,5.23E-05
2003/12/24,5.24E-05
2003/12/26,5.24E-05
2003/12/29,5.18E-05
2003/12/30,5.19E-05
2003/12/31,5.18E-05
2004/1/2,3.88E-05
2004/1/5,3.86E-05
2004/1/6,3.87E-05
2004/1/7,3.84E-05
2004/1/8,3.82E-05
2004/1/9,3.82E-05
2004/1/12,3.81E-05
2004/1/13,3.87E-05
2004/1/14,3.89E-05
2004/1/15,3.90E-05
2004/1/16,3.90E-05
2004/1/20,3.90E-05
2004/1/21,3.88E-05
2004/1/22,3.94E-05
2004/1/23,3.94E-05
2004/1/26,3.92E-05
2004/1/27,3.98E-05
2004/1/28,3.99E-05
2004/1/29,3.97E-05
2004/1/30,3.97E-05
2004/2/2,4.01E-05
2004/2/3,4.00E-05
2004/2/4,4.01E-05
2004/2/5,3.96E-05
2004/2/6,3.96E-05
2004/2/9,3.99E-05
2004/2/10,3.94E-05
2004/2/11,3.96E-05
2004/2/12,3.96E-05
2004/2/13,3.96E-05
2004/2/17,3.97E-05
2004/2/18,3.98E-05
2004/2/19,4.01E-05
2004/2/20,4.01E-05
2004/2/23,3.99E-05
2004/2/24,4.01E-05
2004/2/25,4.03E-05
2004/2/26,4.00E-05
2004/2/27,4.00E-05
2004/3/1,5.37E-05
2004/3/2,5.36E-05
2004/3/3,5.33E-05
2004/3/4,5.29E-05
2004/3/5,5.29E-05
2004/3/8,5.30E-05
2004/3/9,5.30E-05
2004/3/10,5.27E-05
2004/3/11,5.33E-05
2004/3/12,5.33E-05
2004/3/15,5.33E-05
2004/3/16,5.36E-05
2004/3/17,5.31E-05
2004/3/18,5.33E-05
2004/3/19,5.33E-05
2004/3/22,5.33E-05
2004/3/23,5.35E-05
2004/3/24,5.32E-05
2004/3/25,5.27E-05
2004/3/26,5.27E-05
2004/3/29,5.22E-05
2004/3/30,5.24E-05
2004/3/31,5.23E-05
2004/4/1,5.26E-05
2004/4/2,5.26E-05
2004/4/5,5.24E-05
2004/4/6,5.24E-05
2004/4/7,5.30E-05
2004/4/8,5.32E-05
2004/4/12,5.34E-05
2004/4/13,5.38E-05
2004/4/14,5.37E-05
2004/4/15,5.38E-05
2004/4/16,5.38E-05
2004/4/19,5.42E-05
2004/4/20,5.44E-05
2004/4/21,5.42E-05
2004/4/22,5.44E-05
2004/4/23,5.44E-05
2004/4/26,5.41E-05
2004/4/27,5.50E-05
2004/4/28,5.49E-05
2004/4/29,5.48E-05
2004/4/30,5.48E-05
2004/5/3,4.11E-05
2004/5/4,4.12E-05
2004/5/5,4.13E-05
2004/5/6,4.15E-05
2004/5/7,4.15E-05
2004/5/10,4.16E-05
2004/5/11,4.16E-05
2004/5/12,4.18E-05
2004/5/13,4.16E-05
2004/5/14,4.16E-05
2004/5/17,4.17E-05
2004/5/18,4.13E-05
2004/5/19,4.11E-05
2004/5/20,4.11E-05
2004/5/21,4.11E-05
2004/5/24,4.11E-05
2004/5/25,4.11E-05
2004/5/26,4.07E-05
2004/5/27,4.09E-05
2004/5/28,4.09E-05
2004/6/1,5.44E-05
2004/6/2,5.45E-05
2004/6/3,5.41E-05
2004/6/4,5.41E-05
2004/6/7,5.39E-05
2004/6/8,5.44E-05
2004/6/9,5.44E-05
2004/6/10,5.46E-05
2004/6/14,5.48E-05
2004/6/15,5.50E-05
2004/6/16,5.50E-05
2004/6/17,5.46E-05
2004/6/18,5.46E-05
2004/6/21,5.43E-05
2004/6/22,5.44E-05
2004/6/23,5.39E-05
2004/6/24,5.49E-05
2004/6/25,5.49E-05
2004/6/28,5.38E-05
2004/6/29,5.33E-05
2004/6/30,5.33E-05
2004/7/1,6.61E-05
2004/7/2,6.61E-05
2004/7/6,6.61E-05
2004/7/7,6.59E-05
2004/7/8,6.59E-05
2004/7/9,6.59E-05
2004/7/12,6.59E-05
2004/7/13,6.61E-05
2004/7/14,6.62E-05
2004/7/15,6.55E-05
2004/7/16,6.55E-05
2004/7/19,6.56E-05
2004/7/20,6.61E-05
2004/7/21,6.58E-05
2004/7/22,6.62E-05
2004/7/23,6.62E-05
2004/7/26,6.66E-05
2004/7/27,6.65E-05
2004/7/28,6.63E-05
2004/7/29,6.66E-05
2004/7/30,6.66E-05
2004/8/2,6.59E-05
2004/8/3,6.58E-05
2004/8/4,6.59E-05
2004/8/5,6.59E-05
2004/8/6,6.59E-05
2004/8/9,6.60E-05
2004/8/10,6.62E-05
2004/8/11,6.66E-05
2004/8/12,6.59E-05
2004/8/13,6.59E-05
2004/8/16,6.53E-05
2004/8/17,6.52E-05
2004/8/18,6.48E-05
2004/8/19,6.49E-05
2004/8/20,6.49E-05
2004/8/23,6.53E-05
2004/8/24,6.52E-05
2004/8/25,6.54E-05
2004/8/26,6.57E-05
2004/8/27,6.57E-05
2004/8/30,6.56E-05
2004/8/31,6.53E-05
2004/9/1,6.50E-05
2004/9/2,6.50E-05
2004/9/3,6.50E-05
2004/9/7,6.45E-05
2004/9/8,6.44E-05
2004/9/9,6.45E-05
2004/9/10,6.45E-05
2004/9/13,6.47E-05
2004/9/14,6.48E-05
2004/9/15,6.45E-05
2004/9/16,6.48E-05
2004/9/17,6.48E-05
2004/9/20,6.44E-05
2004/9/21,6.42E-05
2004/9/22,6.40E-05
2004/9/23,6.37E-05
2004/9/24,6.37E-05
2004/9/27,6.36E-05
2004/9/28,6.35E-05
2004/9/29,6.31E-05
2004/9/30,6.30E-05
2004/10/1,6.30E-05
2004/10/4,6.31E-05
2004/10/5,6.30E-05
2004/10/6,6.30E-05
2004/10/7,6.25E-05
2004/10/8,6.25E-05
2004/10/11,6.28E-05
2004/10/12,6.29E-05
2004/10/13,6.28E-05
2004/10/14,6.26E-05
2004/10/15,6.26E-05
2004/10/18,6.28E-05
2004/10/19,6.22E-05
2004/10/20,6.22E-05
2004/10/21,6.17E-05
2004/10/22,6.17E-05
2004/10/25,6.12E-05
2004/10/26,6.13E-05
2004/10/27,6.13E-05
2004/10/28,6.09E-05
2004/10/29,6.09E-05
2004/11/1,8.58E-05
2004/11/2,8.45E-05
2004/11/3,8.45E-05
2004/11/4,8.38E-05
2004/11/5,8.38E-05
2004/11/8,8.40E-05
2004/11/9,8.37E-05
2004/11/10,8.37E-05
2004/11/11,8.35E-05
2004/11/12,8.35E-05
2004/11/15,8.36E-05
2004/11/16,8.35E-05
2004/11/17,8.45E-05
2004/11/18,8.33E-05
2004/11/19,8.33E-05
2004/11/22,8.30E-05
2004/11/23,8.26E-05
2004/11/24,8.24E-05
2004/11/26,8.23E-05
2004/11/29,8.31E-05
2004/11/30,8.28E-05
2004/12/1,8.36E-05
2004/12/2,8.33E-05
2004/12/3,8.33E-05
2004/12/6,8.46E-05
2004/12/7,8.51E-05
2004/12/8,8.56E-05
2004/12/9,8.57E-05
2004/12/10,8.57E-05
2004/12/13,8.66E-05
2004/12/14,8.58E-05
2004/12/15,8.64E-05
2004/12/16,8.60E-05
2004/12/17,8.60E-05
2004/12/20,8.60E-05
2004/12/21,8.68E-05
2004/12/22,8.63E-05
2004/12/23,8.59E-05
2004/12/27,8.52E-05
2004/12/28,8.46E-05
2004/12/29,8.43E-05
2004/12/30,8.41E-05
2004/12/31,8.41E-05
2005/1/3,9.77E-05
2005/1/4,9.80E-05
2005/1/5,9.88E-05
2005/1/6,9.85E-05
2005/1/7,9.85E-05
2005/1/10,9.75E-05
2005/1/11,9.61E-05
2005/1/12,9.62E-05
2005/1/13,9.71E-05
2005/1/14,9.71E-05
2005/1/18,9.83E-05
2005/1/19,9.87E-05
2005/1/20,9.73E-05
2005/1/21,9.73E-05
2005/1/24,9.88E-05
2005/1/25,9.86E-05
2005/1/26,9.90E-05
2005/1/27,9.90E-05
2005/1/28,9.90E-05
2005/1/31,9.85E-05
2005/2/1,0.000111384
2005/2/2,0.000111636
2005/2/3,0.000112428
2005/2/4,0.000112428
2005/2/7,0.000112383
2005/2/8,0.000112275
2005/2/9,0.00011178
2005/2/10,0.00011106
2005/2/11,0.00011106
2005/2/14,0.000110781
2005/2/15,0.000111294
2005/2/16,0.000110556
2005/2/17,0.000111132
2005/2/18,0.000111132
2005/2/22,0.000112347
2005/2/23,0.000111654
2005/2/24,0.0001116
2005/2/25,0.0001116
2005/2/28,0.000111672
2005/3/1,0.00012382
2005/3/2,0.00012435
2005/3/3,0.00012316
2005/3/4,0.00012316
2005/3/7,0.00012122
2005/3/8,0.00012063
2005/3/9,0.00012025
2005/3/10,0.00012056
2005/3/11,0.00012056
2005/3/14,0.00012073
2005/3/15,0.00012028
2005/3/16,0.0001201
2005/3/17,0.00012003
2005/3/18,0.00012003
2005/3/21,0.00012091
2005/3/22,0.00012154
2005/3/23,0.00012155
2005/3/24,0.00012148
2005/3/28,0.000121
2005/3/29,0.00012167
2005/3/30,0.00012096
2005/3/31,0.00012134
2005/4/1,0.00012134
2005/4/4,0.00012184
2005/4/5,0.00012225
2005/4/6,0.00012228
2005/4/7,0.000123
2005/4/8,0.000123
2005/4/11,0.00012377
2005/4/12,0.00012376
2005/4/13,0.00012424
2005/4/14,0.00012466
2005/4/15,0.00012466
2005/4/18,0.00012371
2005/4/19,0.00012397
2005/4/20,0.00012393
2005/4/21,0.00012367
2005/4/22,0.00012367
2005/4/25,0.00012445
2005/4/26,0.00012507
2005/4/27,0.00012519
2005/4/28,0.00012578
2005/4/29,0.00012578
2005/5/2,0.000137885
2005/5/3,0.000137071
2005/5/4,0.000136983
2005/5/5,0.000136554
2005/5/6,0.000136554
2005/5/9,0.000136356
2005/5/10,0.000137203
2005/5/11,0.000137687
2005/5/12,0.000138952
2005/5/13,0.000138952
2005/5/16,0.000139073
2005/5/17,0.0001386
2005/5/18,0.000138413
2005/5/19,0.000139095
2005/5/20,0.000139095
2005/5/23,0.000138699
2005/5/24,0.000138985
2005/5/25,0.000139271
2005/5/26,0.000138083
2005/5/27,0.000138083
2005/5/31,0.000137214
2005/6/1,0.00012473
2005/6/2,0.00012471
2005/6/3,0.00012471
2005/6/6,0.00012463
2005/6/7,0.00012513
2005/6/8,0.00012561
2005/6/9,0.00012518
2005/6/10,0.00012518
2005/6/13,0.00012522
2005/6/14,0.00012371
2005/6/15,0.00012356
2005/6/16,0.00012302
2005/6/17,0.00012302
2005/6/20,0.00012324
2005/6/21,0.00012345
2005/6/22,0.00012337
2005/6/23,0.00012307
2005/6/24,0.00012307
2005/6/27,0.00012313
2005/6/28,0.0001228
2005/6/29,0.00012247
2005/6/30,0.00012414
2005/7/1,0.000148968
2005/7/5,0.000148248
2005/7/6,0.000147336
2005/7/7,0.000146448
2005/7/8,0.000146448
2005/7/11,0.000144516
2005/7/12,0.000145056
2005/7/13,0.000145272
2005/7/14,0.000146436
2005/7/15,0.000146436
2005/7/18,0.00014634
2005/7/19,0.000146664
2005/7/20,0.000146004
2005/7/21,0.000145848
2005/7/22,0.000145848
2005/7/25,0.000147696
2005/7/26,0.000148248
2005/7/27,0.0001476
2005/7/28,0.000144924
2005/7/29,0.000144924
2005/8/1,0.000158314
2005/8/2,0.000158106
2005/8/3,0.00015756
2005/8/4,0.00015756
2005/8/5,0.00015756
2005/8/8,0.000157729
2005/8/9,0.00015743
2005/8/10,0.000156273
2005/8/11,0.000155701
2005/8/12,0.000155701
2005/8/15,0.000155844
2005/8/16,0.000157703
2005/8/17,0.000158366
2005/8/18,0.000157417
2005/8/19,0.000157417
2005/8/22,0.000155688
2005/8/23,0.000154713
2005/8/24,0.000154843
2005/8/25,0.000155805
2005/8/26,0.000155805
2005/8/29,0.000154843
2005/8/30,0.000154518
2005/8/31,0.000153777
2005/9/1,0.000166754
2005/9/2,0.000166754
2005/9/6,0.000166362
2005/9/7,0.00016527
2005/9/8,0.000164836
2005/9/9,0.000164836
2005/9/12,0.000165508
2005/9/13,0.000165284
2005/9/14,0.0001659
2005/9/15,0.000165172
2005/9/16,0.000165172
2005/9/19,0.000163646
2005/9/20,0.000163646
2005/9/21,0.000164038
2005/9/22,0.000163716
2005/9/23,0.000163716
2005/9/26,0.000164892
2005/9/27,0.000164276
2005/9/28,0.000164066
2005/9/29,0.000162792
2005/9/30,0.000162792
2005/10/3,0.000152399
2005/10/4,0.000153647
2005/10/5,0.000153452
2005/10/6,0.000152607
2005/10/7,0.000152607
2005/10/10,0.000152867
2005/10/11,0.000152243
2005/10/12,0.000153608
2005/10/13,0.000154011
2005/10/14,0.000154011
2005/10/17,0.000152906
2005/10/18,0.000152841
2005/10/19,0.000153023
2005/10/20,0.000154544
2005/10/21,0.000154544
2005/10/24,0.00015288
2005/10/25,0.000152126
2005/10/26,0.000152243
2005/10/27,0.00015301
2005/10/28,0.00015301
2005/10/31,0.000152919
2005/11/1,0.000176985
2005/11/2,0.00017718
2005/11/3,0.000177705
2005/11/4,0.000177705
2005/11/7,0.000177975
2005/11/8,0.00017796
2005/11/9,0.000178575
2005/11/10,0.000178425
2005/11/11,0.000178425
2005/11/14,0.00017889
2005/11/15,0.000178935
2005/11/16,0.0001782
2005/11/17,0.00017823
2005/11/18,0.00017823
2005/11/21,0.00017607
2005/11/22,0.000175755
2005/11/23,0.000175725
2005/11/25,0.000175755
2005/11/28,0.00017535
2005/11/29,0.000174915
2005/11/30,0.000174675
2005/12/1,0.00017391
2005/12/2,0.00017391
2005/12/5,0.00017352
2005/12/6,0.000173835
2005/12/7,0.00017382
2005/12/8,0.000173115
2005/12/9,0.000173115
2005/12/12,0.000172425
2005/12/13,0.000172725
2005/12/14,0.000173685
2005/12/15,0.000173955
2005/12/16,0.000173955
2005/12/19,0.00017589
2005/12/20,0.00017496
2005/12/21,0.000175005
2005/12/22,0.00017466
2005/12/23,0.00017466
2005/12/27,0.000174765
2005/12/28,0.000174615
2005/12/29,0.00017424
2005/12/30,0.00017424
2006/1/3,0.000195296
2006/1/4,0.000197472
2006/1/5,0.000198186
2006/1/6,0.000198186
2006/1/9,0.000197676
2006/1/10,0.000196928
2006/1/11,0.000197353
2006/1/12,0.000196979
2006/1/13,0.000196979
2006/1/17,0.000199359
2006/1/18,0.000197744
2006/1/19,0.00019686
2006/1/20,0.00019686
2006/1/23,0.000195959
2006/1/24,0.000195721
2006/1/25,0.000195313
2006/1/26,0.000195415
2006/1/27,0.000195415
2006/1/30,0.000193579
2006/1/31,0.000193987
2006/2/1,0.000205974
2006/2/2,0.000205866
2006/2/3,0.000205866
2006/2/6,0.000207558
2006/2/7,0.000207018
2006/2/8,0.000206352
2006/2/9,0.000209664
2006/2/10,0.000209664
2006/2/13,0.000207702
2006/2/14,0.000208368
2006/2/15,0.00020826
2006/2/16,0.000206748
2006/2/17,0.000206748
2006/2/21,0.00020673
2006/2/22,0.000207522
2006/2/23,0.000206784
2006/2/24,0.000206784
2006/2/27,0.000204642
2006/2/28,0.000204354
2006/3/1,0.000181136
2006/3/2,0.000181376
2006/3/3,0.000181376
2006/3/6,0.000183936
2006/3/7,0.000185072
2006/3/8,0.000185744
2006/3/9,0.000185696
2006/3/10,0.000185696
2006/3/13,0.00018512
2006/3/14,0.00018472
2006/3/15,0.000184464
2006/3/16,0.00018528
2006/3/17,0.00018528
2006/3/20,0.000186064
2006/3/21,0.00018648
2006/3/22,0.000186464
2006/3/23,0.000186704
2006/3/24,0.000186704
2006/3/27,0.000187104
2006/3/28,0.0001876
2006/3/29,0.000185248
2006/3/30,0.000186784
2006/3/31,0.000186784
2006/4/3,0.000221027
2006/4/4,0.000220742
2006/4/5,0.000219089
2006/4/6,0.000217987
2006/4/7,0.000217987
2006/4/10,0.000217322
2006/4/11,0.000218177
2006/4/12,0.000218576
2006/4/13,0.000218538
2006/4/17,0.000216695
2006/4/18,0.000215688
2006/4/19,0.000216581
2006/4/20,0.000216049
2006/4/21,0.000216049
2006/4/24,0.000214966
2006/4/25,0.000214206
2006/4/26,0.000213389
2006/4/27,0.000212154
2006/4/28,0.000212154
2006/5/1,0.00022154
2006/5/2,0.00022178
2006/5/3,0.00022174
2006/5/4,0.00022094
2006/5/5,0.00022094
2006/5/8,0.00021982
2006/5/9,0.00022042
2006/5/10,0.00021998
2006/5/11,0.00022204
2006/5/12,0.00022204
2006/5/15,0.0002214
2006/5/16,0.00022302
2006/5/17,0.00022392
2006/5/18,0.00022348
2006/5/19,0.00022348
2006/5/22,0.00022496
2006/5/23,0.00022396
2006/5/24,0.0002215
2006/5/25,0.00022136
2006/5/26,0.00022136
2006/5/30,0.00022018
2006/5/31,0.0002205
2006/6/1,0.000198198
2006/6/2,0.000198198
2006/6/5,0.000200376
2006/6/6,0.00020016
2006/6/7,0.00020187
2006/6/8,0.000199242
2006/6/9,0.000199242
2006/6/12,0.000200412
2006/6/13,0.00020043
2006/6/14,0.000200016
2006/6/15,0.000202554
2006/6/16,0.000202554
2006/6/19,0.000201168
2006/6/20,0.000199368
2006/6/21,0.000201204
2006/6/22,0.000201618
2006/6/23,0.000201618
2006/6/26,0.000202104
2006/6/27,0.000202194
2006/6/28,0.000199674
2006/6/29,0.000200646
2006/6/30,0.000200646
2006/7/3,0.00022174
2006/7/5,0.0002225
2006/7/6,0.00022228
2006/7/7,0.00022228
2006/7/10,0.00022632
2006/7/11,0.0002266
2006/7/12,0.00022628
2006/7/13,0.00022572
2006/7/14,0.00022572
2006/7/17,0.00022706
2006/7/18,0.00022684
2006/7/19,0.00022662
2006/7/20,0.00022744
2006/7/21,0.00022744
2006/7/24,0.00022806
2006/7/25,0.00022722
2006/7/26,0.0002272
2006/7/27,0.0002262
2006/7/28,0.0002262
2006/7/31,0.00022622
2006/8/1,0.000202716
2006/8/2,0.000202464
2006/8/3,0.000202572
2006/8/4,0.000202572
2006/8/7,0.000202374
2006/8/8,0.000201564
2006/8/9,0.000202896
2006/8/10,0.000202356
2006/8/11,0.000202356
2006/8/14,0.000201996
2006/8/15,0.000201438
2006/8/16,0.000202122
2006/8/17,0.000202572
2006/8/18,0.000202572
2006/8/21,0.000200664
2006/8/22,0.000200232
2006/8/23,0.000199836
2006/8/24,0.000199764
2006/8/25,0.000199764
2006/8/28,0.00019935
2006/8/29,0.00019953
2006/8/30,0.000198774
2006/8/31,0.000198756
2006/9/1,0.00022084
2006/9/5,0.0002211
2006/9/6,0.00022202
2006/9/7,0.0002237
2006/9/8,0.0002237
2006/9/11,0.00022394
2006/9/12,0.00022392
2006/9/13,0.00022362
2006/9/14,0.0002239
2006/9/15,0.0002239
2006/9/18,0.00022542
2006/9/19,0.0002256
2006/9/20,0.00022378
2006/9/21,0.00022314
2006/9/22,0.00022314
2006/9/25,0.00022264
2006/9/26,0.00022232
2006/9/27,0.00022208
2006/9/28,0.00022338
2006/9/29,0.00022338
2006/10/2,0.000202014
2006/10/3,0.00020268
2006/10/4,0.000202608
2006/10/5,0.000202518
2006/10/6,0.000202518
2006/10/9,0.000204012
2006/10/10,0.000204714
2006/10/11,0.00020412
2006/10/12,0.00020511
2006/10/13,0.00020511
2006/10/16,0.000205218
2006/10/17,0.000204372
2006/10/18,0.000203076
2006/10/19,0.000202482
2006/10/20,0.000202482
2006/10/23,0.000202788
2006/10/24,0.00020232
2006/10/25,0.000202086
2006/10/26,0.00020151
2006/10/27,0.00020151
2006/10/30,0.000201906
2006/10/31,0.000203832
2006/11/1,0.00022664
2006/11/2,0.0002262
2006/11/3,0.0002262
2006/11/6,0.00022594
2006/11/7,0.0002258
2006/11/8,0.00022568
2006/11/9,0.00022576
2006/11/10,0.00022576
2006/11/13,0.0002275
2006/11/14,0.00022776
2006/11/15,0.00022838
2006/11/16,0.00022916
2006/11/17,0.00022916
2006/11/20,0.00022918
2006/11/21,0.00022842
2006/11/22,0.00022842
2006/11/24,0.00022684
2006/11/27,0.00022596
2006/11/28,0.00022776
2006/11/29,0.00022834
2006/11/30,0.00022896
2006/12/1,0.00022896
2006/12/4,0.00022846
2006/12/5,0.00022948
2006/12/6,0.00022996
2006/12/7,0.0002296
2006/12/8,0.0002296
2006/12/11,0.00023042
2006/12/12,0.00023114
2006/12/13,0.00023138
2006/12/14,0.00023148
2006/12/15,0.00023148
2006/12/18,0.00023026
2006/12/19,0.00022952
2006/12/20,0.000231
2006/12/21,0.000231
2006/12/22,0.000231
2006/12/26,0.00023234
2006/12/27,0.000232
2006/12/28,0.00023294
2006/12/29,0.00023294
2007/1/3,0.000259072
2007/1/4,0.000258236
2007/1/5,0.000258236
2007/1/8,0.000258742
2007/1/9,0.000258236
2007/1/10,0.00025916
2007/1/11,0.000257334
2007/1/12,0.000257334
2007/1/16,0.000257906
2007/1/17,0.000258236
2007/1/18,0.00025817
2007/1/19,0.00025817
2007/1/22,0.000259776
2007/1/23,0.000259336
2007/1/24,0.000260304
2007/1/25,0.000259622
2007/1/26,0.000259622
2007/1/29,0.000259402
2007/1/30,0.000258544
2007/1/31,0.000259402
2007/2/1,0.00023668
2007/2/2,0.00023668
2007/2/5,0.00023638
2007/2/6,0.00023692
2007/2/7,0.00023656
2007/2/8,0.00023382
2007/2/9,0.00023382
2007/2/12,0.0002335
2007/2/13,0.00023314
2007/2/14,0.0002326
2007/2/15,0.00023262
2007/2/16,0.00023262
2007/2/20,0.00023203
2007/2/21,0.00023234
2007/2/22,0.00023186
2007/2/23,0.00023186
2007/2/26,0.00023346
2007/2/27,0.00023402
2007/2/28,0.00023454
2007/3/1,0.000223535
2007/3/2,0.000223535
2007/3/5,0.000223402
2007/3/6,0.000223763
2007/3/7,0.000224105
2007/3/8,0.000222699
2007/3/9,0.000222699
2007/3/12,0.000222927
2007/3/13,0.000223364
2007/3/14,0.000223402
2007/3/15,0.000223364
2007/3/16,0.000223364
2007/3/19,0.0002204
2007/3/20,0.000219716
2007/3/21,0.000219982
2007/3/22,0.000220476
2007/3/23,0.000220476
2007/3/26,0.000219735
2007/3/27,0.000220231
2007/3/28,0.000220134
2007/3/29,0.000219317
2007/3/30,0.000219317
2007/4/2,0.000254881
2007/4/3,0.000254914
2007/4/4,0.000253198
2007/4/5,0.000253132
2007/4/9,0.000252362
2007/4/10,0.000250712
2007/4/11,0.000249612
2007/4/12,0.000250272
2007/4/13,0.000250272
2007/4/16,0.000248886
2007/4/17,0.000247962
2007/4/18,0.000248314
2007/4/19,0.000246884
2007/4/20,0.000246884
2007/4/23,0.000246708
2007/4/24,0.000245278
2007/4/25,0.000246818
2007/4/26,0.0002453
2007/4/27,0.0002453
2007/4/30,0.000244552
2007/5/1,0.000199577
2007/5/2,0.000199343
2007/5/3,0.000199152
2007/5/4,0.000199152
2007/5/7,0.000199008
2007/5/8,0.00019908
2007/5/9,0.000199944
2007/5/10,0.000200286
2007/5/11,0.000200286
2007/5/14,0.000197658
2007/5/15,0.000198558
2007/5/16,0.000197856
2007/5/17,0.000196056
2007/5/18,0.000196056
2007/5/21,0.000195714
2007/5/22,0.000194976
2007/5/23,0.000195174
2007/5/24,0.000194238
2007/5/25,0.000194238
2007/5/29,0.000193302
2007/5/30,0.000192618
2007/5/31,0.000190782
2007/6/1,0.000201381
2007/6/4,0.000201799
2007/6/5,0.000201058
2007/6/6,0.000202046
2007/6/7,0.000201723
2007/6/8,0.000201723
2007/6/11,0.000202673
2007/6/12,0.000202749
2007/6/13,0.000202844
2007/6/14,0.000202844
2007/6/15,0.000202844
2007/6/18,0.000201818
2007/6/19,0.000202787
2007/6/20,0.000204022
2007/6/21,0.000202749
2007/6/22,0.000202749
2007/6/25,0.00020329
2007/6/26,0.000203262
2007/6/27,0.000201229
2007/6/28,0.000202255
2007/6/29,0.000202255
2007/7/2,0.000201457
2007/7/3,0.000200887
2007/7/5,0.000199044
2007/7/6,0.000199044
2007/7/9,0.000200545
2007/7/10,0.000200412
2007/7/11,0.000198626
2007/7/12,0.000198949
2007/7/13,0.000198949
2007/7/16,0.000198217
2007/7/17,0.000198379
2007/7/18,0.000198227
2007/7/19,0.000199245
2007/7/20,0.000199245
2007/7/23,0.000196954
2007/7/24,0.000197942
2007/7/25,0.000200184
2007/7/26,0.000202141
2007/7/27,0.000202141
2007/7/30,0.000202692
2007/7/31,0.00020064
2007/8/1,0.00018954
2007/8/2,0.000189378
2007/8/3,0.000189378
2007/8/6,0.000189918
2007/8/7,0.00018873
2007/8/8,0.000190269
2007/8/9,0.000189558
2007/8/10,0.000189558
2007/8/13,0.000192276
2007/8/14,0.0001944
2007/8/15,0.000193104
2007/8/16,0.00019098
2007/8/17,0.00019098
2007/8/20,0.000191556
2007/8/21,0.000190926
2007/8/22,0.000189828
2007/8/23,0.000189378
2007/8/24,0.000189378
2007/8/27,0.000191646
2007/8/28,0.000190872
2007/8/29,0.000190386
2007/8/30,0.000190098
2007/8/31,0.000190098
2007/9/4,0.000179095
2007/9/5,0.000178755
2007/9/6,0.000179248
2007/9/7,0.000179248
2007/9/10,0.000177208
2007/9/11,0.000176205
2007/9/12,0.00017595
2007/9/13,0.00017493
2007/9/14,0.00017493
2007/9/17,0.00017238
2007/9/18,0.000172434
2007/9/19,0.000170136
2007/9/20,0.000170102
2007/9/21,0.000170102
2007/9/24,0.000170697
2007/9/25,0.000170714
2007/9/26,0.000170306
2007/9/27,0.000169286
2007/9/28,0.000169286
2007/10/1,0.000139804
2007/10/2,0.000139804
2007/10/3,0.000139566
2007/10/4,0.000137438
2007/10/5,0.000137438
2007/10/8,0.00013755
2007/10/9,0.000137396
2007/10/10,0.000136626
2007/10/11,0.000136276
2007/10/12,0.000136276
2007/10/15,0.00013706
2007/10/16,0.000136402
2007/10/17,0.00013636
2007/10/18,0.000134848
2007/10/19,0.000134848
2007/10/22,0.000135352
2007/10/23,0.000135674
2007/10/24,0.000135254
2007/10/25,0.00013468
2007/10/26,0.00013468
2007/10/29,0.000133476
2007/10/30,0.000132538
2007/10/31,0.00013307
2007/11/1,0.000149504
2007/11/2,0.000149504
2007/11/5,0.000146992
2007/11/6,0.000149328
2007/11/7,0.000149568
2007/11/8,0.000150176
2007/11/9,0.000150176
2007/11/12,0.000153184
2007/11/13,0.000154464
2007/11/14,0.000157632
2007/11/15,0.000155568
2007/11/16,0.000155568
2007/11/19,0.000157056
2007/11/20,0.000157952
2007/11/21,0.000157616
2007/11/23,0.000158272
2007/11/26,0.000159312
2007/11/27,0.000157856
2007/11/28,0.000159488
2007/11/29,0.000160064
2007/11/30,0.000160064
2007/12/3,0.000141694
2007/12/4,0.00014161
2007/12/5,0.000141162
2007/12/6,0.000140714
2007/12/7,0.000140714
2007/12/10,0.000141666
2007/12/11,0.000141582
2007/12/12,0.000142716
2007/12/13,0.000141848
2007/12/14,0.000141848
2007/12/17,0.000140756
2007/12/18,0.00014028
2007/12/19,0.000140028
2007/12/20,0.000139188
2007/12/21,0.000139188
2007/12/24,0.000137984
2007/12/26,0.00013727
2007/12/27,0.000136948
2007/12/28,0.000136948
2007/12/31,0.000139048
2008/1/2,9.89E-05
2008/1/3,9.99E-05
2008/1/4,9.99E-05
2008/1/7,0.00010048
2008/1/8,0.00010096
2008/1/9,0.00010086
2008/1/10,0.00010195
2008/1/11,0.00010195
2008/1/14,0.0001018
2008/1/15,0.00010226
2008/1/16,0.00010297
2008/1/17,0.00010272
2008/1/18,0.00010272
2008/1/22,0.00010236
2008/1/23,0.00010043
2008/1/24,0.00010041
2008/1/25,0.00010041
2008/1/28,9.98E-05
2008/1/29,9.95E-05
2008/1/30,0.00010013
2008/1/31,9.94E-05
2008/2/1,6.96E-05
2008/2/4,7.06E-05
2008/2/5,7.05E-05
2008/2/6,7.06E-05
2008/2/7,6.99E-05
2008/2/8,6.99E-05
2008/2/11,7.00E-05
2008/2/12,6.99E-05
2008/2/13,7.00E-05
2008/2/14,7.05E-05
2008/2/15,7.05E-05
2008/2/19,7.09E-05
2008/2/20,7.08E-05
2008/2/21,7.10E-05
2008/2/22,7.10E-05
2008/2/25,6.87E-05
2008/2/26,6.87E-05
2008/2/27,6.83E-05
2008/2/28,6.91E-05
2008/2/29,6.91E-05
2008/3/3,8.95E-05
2008/3/4,8.87E-05
2008/3/5,8.86E-05
2008/3/6,8.90E-05
2008/3/7,8.90E-05
2008/3/10,8.92E-05
2008/3/11,8.91E-05
2008/3/12,8.86E-05
2008/3/13,8.89E-05
2008/3/14,8.89E-05
2008/3/17,8.91E-05
2008/3/18,9.10E-05
2008/3/19,9.20E-05
2008/3/20,9.25E-05
2008/3/24,9.17E-05
2008/3/25,9.16E-05
2008/3/26,9.14E-05
2008/3/27,9.17E-05
2008/3/28,9.17E-05
2008/3/31,9.23E-05
2008/4/1,8.12E-05
2008/4/2,8.04E-05
2008/4/3,8.07E-05
2008/4/4,8.07E-05
2008/4/7,8.11E-05
2008/4/8,8.15E-05
2008/4/9,8.15E-05
2008/4/10,8.17E-05
2008/4/11,8.17E-05
2008/4/14,8.14E-05
2008/4/15,8.00E-05
2008/4/16,8.08E-05
2008/4/17,8.03E-05
2008/4/18,8.03E-05
2008/4/21,8.05E-05
2008/4/22,8.13E-05
2008/4/23,8.11E-05
2008/4/24,8.13E-05
2008/4/25,8.13E-05
2008/4/28,8.10E-05
2008/4/29,8.06E-05
2008/4/30,8.06E-05
2008/5/1,8.14E-05
2008/5/2,8.14E-05
2008/5/5,8.02E-05
2008/5/6,8.07E-05
2008/5/7,8.13E-05
2008/5/8,8.05E-05
2008/5/9,8.05E-05
2008/5/12,8.03E-05
2008/5/13,8.03E-05
2008/5/14,8.00E-05
2008/5/15,8.00E-05
2008/5/16,8.00E-05
2008/5/19,7.94E-05
2008/5/20,7.87E-05
2008/5/21,7.88E-05
2008/5/22,7.90E-05
2008/5/23,7.90E-05
2008/5/27,7.91E-05
2008/5/28,7.91E-05
2008/5/29,7.95E-05
2008/5/30,7.95E-05
2008/6/2,8.07E-05
2008/6/3,8.13E-05
2008/6/4,8.14E-05
2008/6/5,8.15E-05
2008/6/6,8.15E-05
2008/6/9,8.18E-05
2008/6/10,8.16E-05
2008/6/11,8.18E-05
2008/6/12,8.24E-05
2008/6/13,8.24E-05
2008/6/16,8.14E-05
2008/6/17,8.14E-05
2008/6/18,8.12E-05
2008/6/19,8.13E-05
2008/6/20,8.13E-05
2008/6/23,8.09E-05
2008/6/24,8.08E-05
2008/6/25,8.10E-05
2008/6/26,8.10E-05
2008/6/27,8.10E-05
2008/6/30,8.15E-05
2008/7/1,7.09E-05
2008/7/2,7.12E-05
2008/7/3,7.10E-05
2008/7/7,7.13E-05
2008/7/8,7.08E-05
2008/7/9,7.06E-05
2008/7/10,7.06E-05
2008/7/11,7.06E-05
2008/7/14,7.01E-05
2008/7/15,7.01E-05
2008/7/16,7.04E-05
2008/7/17,7.04E-05
2008/7/18,7.04E-05
2008/7/21,7.05E-05
2008/7/22,7.08E-05
2008/7/23,7.10E-05
2008/7/24,7.13E-05
2008/7/25,7.13E-05
2008/7/28,7.17E-05
2008/7/29,7.16E-05
2008/7/30,7.16E-05
2008/7/31,7.17E-05
2008/8/1,6.15E-05
2008/8/4,6.26E-05
2008/8/5,6.29E-05
2008/8/6,6.31E-05
2008/8/7,6.40E-05
2008/8/8,6.40E-05
2008/8/11,6.40E-05
2008/8/12,6.37E-05
2008/8/13,6.39E-05
2008/8/14,6.36E-05
2008/8/15,6.36E-05
2008/8/18,6.36E-05
2008/8/19,6.36E-05
2008/8/20,6.27E-05
2008/8/21,6.27E-05
2008/8/22,6.27E-05
2008/8/25,6.29E-05
2008/8/26,6.28E-05
2008/8/27,6.30E-05
2008/8/28,6.41E-05
2008/8/29,6.41E-05
2008/9/2,7.43E-05
2008/9/3,7.49E-05
2008/9/4,7.45E-05
2008/9/5,7.45E-05
2008/9/8,7.49E-05
2008/9/9,7.51E-05
2008/9/10,7.52E-05
2008/9/11,7.42E-05
2008/9/12,7.42E-05
2008/9/15,7.49E-05
2008/9/16,7.49E-05
2008/9/17,7.43E-05
2008/9/18,7.32E-05
2008/9/19,7.32E-05
2008/9/22,7.25E-05
2008/9/23,7.27E-05
2008/9/24,7.23E-05
2008/9/25,7.24E-05
2008/9/26,7.24E-05
2008/9/29,7.44E-05
2008/9/30,7.44E-05
2008/10/1,4.32E-05
2008/10/2,4.31E-05
2008/10/3,4.31E-05
2008/10/6,4.42E-05
2008/10/7,4.51E-05
2008/10/8,4.59E-05
2008/10/9,4.71E-05
2008/10/10,4.71E-05
2008/10/13,4.65E-05
2008/10/14,4.77E-05
2008/10/15,4.72E-05
2008/10/16,4.73E-05
2008/10/17,4.73E-05
2008/10/20,4.85E-05
2008/10/21,5.02E-05
2008/10/22,4.99E-05
2008/10/23,5.09E-05
2008/10/24,5.09E-05
2008/10/27,5.07E-05
2008/10/28,4.89E-05
2008/10/29,4.82E-05
2008/10/30,4.82E-05
2008/10/31,4.82E-05
2008/11/3,1.15E-05
2008/11/4,1.17E-05
2008/11/5,1.20E-05
2008/11/6,1.18E-05
2008/11/7,1.18E-05
2008/11/10,1.21E-05
2008/11/11,1.24E-05
2008/11/12,1.21E-05
2008/11/13,1.24E-05
2008/11/14,1.24E-05
2008/11/17,1.23E-05
2008/11/18,1.25E-05
2008/11/19,1.29E-05
2008/11/20,1.27E-05
2008/11/21,1.27E-05
2008/11/24,1.23E-05
2008/11/25,1.23E-05
2008/11/26,1.23E-05
2008/11/28,1.24E-05
2008/12/1,0
2008/12/2,0
2008/12/3,0
2008/12/4,0
2008/12/5,0
2008/12/8,0
2008/12/9,0
2008/12/10,0
2008/12/11,0
2008/12/12,0
2008/12/15,0
2008/12/16,0
2008/12/17,0
2008/12/18,0
2008/12/19,0
2008/12/22,0
2008/12/23,0
2008/12/24,0
2008/12/26,0
2008/12/29,0
2008/12/30,0
2008/12/31,0
2009/1/2,0
2009/1/5,0
2009/1/6,0
2009/1/7,0
2009/1/8,0
2009/1/9,0
2009/1/12,0
2009/1/13,0
2009/1/14,0
2009/1/15,0
2009/1/16,0
2009/1/20,0
2009/1/21,0
2009/1/22,0
2009/1/23,0
2009/1/26,0
2009/1/27,0
2009/1/28,0
2009/1/29,0
2009/1/30,0
2009/2/2,1.23E-05
2009/2/3,1.23E-05
2009/2/4,1.23E-05
2009/2/5,1.22E-05
2009/2/6,1.22E-05
2009/2/9,1.24E-05
2009/2/10,1.24E-05
2009/2/11,1.24E-05
2009/2/12,1.24E-05
2009/2/13,1.24E-05
2009/2/17,1.26E-05
2009/2/18,1.26E-05
2009/2/19,1.25E-05
2009/2/20,1.25E-05
2009/2/23,1.24E-05
2009/2/24,1.25E-05
2009/2/25,1.25E-05
2009/2/26,1.27E-05
2009/2/27,1.27E-05
2009/3/2,1.29E-05
2009/3/3,1.28E-05
2009/3/4,1.29E-05
2009/3/5,1.29E-05
2009/3/6,1.29E-05
2009/3/9,1.28E-05
2009/3/10,1.29E-05
2009/3/11,1.28E-05
2009/3/12,1.27E-05
2009/3/13,1.27E-05
2009/3/16,1.27E-05
2009/3/17,1.25E-05
2009/3/18,1.24E-05
2009/3/19,1.24E-05
2009/3/20,1.24E-05
2009/3/23,1.23E-05
2009/3/24,1.23E-05
2009/3/25,1.23E-05
2009/3/26,1.24E-05
2009/3/27,1.24E-05
2009/3/30,1.26E-05
2009/3/31,1.26E-05
2009/4/1,1.24E-05
2009/4/2,1.23E-05
2009/4/3,1.23E-05
2009/4/6,1.24E-05
2009/4/7,1.24E-05
2009/4/8,1.22E-05
2009/4/9,1.23E-05
2009/4/13,1.21E-05
2009/4/14,1.20E-05
2009/4/15,1.21E-05
2009/4/16,1.21E-05
2009/4/17,1.21E-05
2009/4/20,1.24E-05
2009/4/21,1.24E-05
2009/4/22,1.22E-05
2009/4/23,1.21E-05
2009/4/24,1.21E-05
2009/4/27,1.22E-05
2009/4/28,1.20E-05
2009/4/29,1.19E-05
2009/4/30,1.19E-05
2009/5/1,0
2009/5/4,0
2009/5/5,0
2009/5/6,0
2009/5/7,0
2009/5/8,0
2009/5/11,0
2009/5/12,0
2009/5/13,0
2009/5/14,0
2009/5/15,0
2009/5/18,0
2009/5/19,0
2009/5/20,0
2009/5/21,0
2009/5/22,0
2009/5/26,0
2009/5/27,0
2009/5/28,0
2009/5/29,0
2009/6/1,0
2009/6/2,0
2009/6/3,0
2009/6/4,0
2009/6/5,0
2009/6/8,0
2009/6/9,0
2009/6/10,0
2009/6/11,0
2009/6/12,0
2009/6/15,0
2009/6/16,0
2009/6/17,0
2009/6/18,0
2009/6/19,0
2009/6/22,0
2009/6/23,0
2009/6/24,0
2009/6/25,0
2009/6/26,0
2009/6/29,0
2009/6/30,0
2009/7/1,1.16E-05
2009/7/2,1.16E-05
2009/7/6,1.17E-05
2009/7/7,1.17E-05
2009/7/8,1.16E-05
2009/7/9,1.16E-05
2009/7/10,1.16E-05
2009/7/13,1.13E-05
2009/7/14,1.12E-05
2009/7/15,1.12E-05
2009/7/16,1.11E-05
2009/7/17,1.11E-05
2009/7/20,1.11E-05
2009/7/21,1.10E-05
2009/7/22,1.09E-05
2009/7/23,1.09E-05
2009/7/24,1.09E-05
2009/7/27,1.08E-05
2009/7/28,1.09E-05
2009/7/29,1.08E-05
2009/7/30,1.08E-05
2009/7/31,1.08E-05
2009/8/3,1.07E-05
2009/8/4,1.07E-05
2009/8/5,1.08E-05
2009/8/6,1.08E-05
2009/8/7,1.08E-05
2009/8/10,1.10E-05
2009/8/11,1.09E-05
2009/8/12,1.09E-05
2009/8/13,1.10E-05
2009/8/14,1.10E-05
2009/8/17,1.10E-05
2009/8/18,1.09E-05
2009/8/19,1.09E-05
2009/8/20,1.08E-05
2009/8/21,1.08E-05
2009/8/24,1.09E-05
2009/8/25,1.10E-05
2009/8/26,1.09E-05
2009/8/27,1.09E-05
2009/8/28,1.09E-05
2009/8/31,1.10E-05
2009/9/1,0
2009/9/2,0
2009/9/3,0
2009/9/4,0
2009/9/8,0
2009/9/9,0
2009/9/10,0
2009/9/11,0
2009/9/14,0
2009/9/15,0
2009/9/16,0
2009/9/17,0
2009/9/18,0
2009/9/21,0
2009/9/22,0
2009/9/23,0
2009/9/24,0
2009/9/25,0
2009/9/28,0
2009/9/29,0
2009/9/30,0
2009/10/1,0
2009/10/2,0
2009/10/5,0
2009/10/6,0
2009/10/7,0
2009/10/8,0
2009/10/9,0
2009/10/12,0
2009/10/13,0
2009/10/14,0
2009/10/15,0
2009/10/16,0
2009/10/19,0
2009/10/20,0
2009/10/21,0
2009/10/22,0
2009/10/23,0
2009/10/26,0
2009/10/27,0
2009/10/28,0
2009/10/29,0
2009/10/30,0
2009/11/2,0
2009/11/3,0
2009/11/4,0
2009/11/5,0
2009/11/6,0
2009/11/9,0
2009/11/10,0
2009/11/11,0
2009/11/12,0
2009/11/13,0
2009/11/16,0
2009/11/17,0
2009/11/18,0
2009/11/19,0
2009/11/20,0
2009/11/23,0
2009/11/24,0
2009/11/25,0
2009/11/27,0
2009/11/30,0
2009/12/1,0
2009/12/2,0
2009/12/3,0
2009/12/4,0
2009/12/7,0
2009/12/8,0
2009/12/9,0
2009/12/10,0
2009/12/11,0
2009/12/14,0
2009/12/15,0
2009/12/16,0
2009/12/17,0
2009/12/18,0
2009/12/21,0
2009/12/22,0
2009/12/23,0
2009/12/24,0
2009/12/28,0
2009/12/29,0
2009/12/30,0
2009/12/31,0
2010/1/4,0
2010/1/5,0
2010/1/6,0
2010/1/7,0
2010/1/8,0
2010/1/11,0
2010/1/12,0
2010/1/13,0
2010/1/14,0
2010/1/15,0
2010/1/19,0
2010/1/20,0
2010/1/21,0
2010/1/22,0
2010/1/25,0
2010/1/26,0
2010/1/27,0
2010/1/28,0
2010/1/29,0
2010/2/1,0
2010/2/2,0
2010/2/3,0
2010/2/4,0
2010/2/5,0
2010/2/8,0
2010/2/9,0
2010/2/10,0
2010/2/11,0
2010/2/12,0
2010/2/16,0
2010/2/17,0
2010/2/18,0
2010/2/19,0
2010/2/22,0
2010/2/23,0
2010/2/24,0
2010/2/25,0
2010/2/26,0
2010/3/1,0
2010/3/2,0
2010/3/3,0
2010/3/4,0
2010/3/5,0
2010/3/8,0
2010/3/9,0
2010/3/10,0
2010/3/11,0
2010/3/12,0
2010/3/15,0
2010/3/16,0
2010/3/17,0
2010/3/18,0
2010/3/19,0
2010/3/22,0
2010/3/23,0
2010/3/24,0
2010/3/25,0
2010/3/26,0
2010/3/29,0
2010/3/30,0
2010/3/31,0
2010/4/1,1.01E-05
2010/4/5,1.00E-05
2010/4/6,1.00E-05
2010/4/7,1.00E-05
2010/4/8,1.00E-05
2010/4/9,1.00E-05
2010/4/12,1.00E-05
2010/4/13,9.98E-06
2010/4/14,1.00E-05
2010/4/15,1.01E-05
2010/4/16,1.01E-05
2010/4/19,9.98E-06
2010/4/20,9.99E-06
2010/4/21,1.00E-05
2010/4/22,9.99E-06
2010/4/23,9.99E-06
2010/4/26,1.02E-05
2010/4/27,1.01E-05
2010/4/28,1.00E-05
2010/4/29,1.02E-05
2010/4/30,1.02E-05
2010/5/3,1.02E-05
2010/5/4,1.03E-05
2010/5/5,1.05E-05
2010/5/6,1.04E-05
2010/5/7,1.04E-05
2010/5/10,1.02E-05
2010/5/11,1.02E-05
2010/5/12,1.02E-05
2010/5/13,1.04E-05
2010/5/14,1.04E-05
2010/5/17,1.04E-05
2010/5/18,1.04E-05
2010/5/19,1.07E-05
2010/5/20,1.06E-05
2010/5/21,1.06E-05
2010/5/24,1.07E-05
2010/5/25,1.07E-05
2010/5/26,1.05E-05
2010/5/27,1.05E-05
2010/5/28,1.05E-05
2010/6/1,1.04E-05
2010/6/2,1.04E-05
2010/6/3,1.06E-05
2010/6/4,1.06E-05
2010/6/7,1.05E-05
2010/6/8,1.04E-05
2010/6/9,1.03E-05
2010/6/10,1.03E-05
2010/6/11,1.03E-05
2010/6/14,1.03E-05
2010/6/15,1.03E-05
2010/6/16,1.03E-05
2010/6/17,1.02E-05
2010/6/18,1.02E-05
2010/6/21,1.03E-05
2010/6/22,1.04E-05
2010/6/23,1.04E-05
2010/6/24,1.03E-05
2010/6/25,1.03E-05
2010/6/28,1.05E-05
2010/6/29,1.06E-05
2010/6/30,1.06E-05
2010/7/1,1.06E-05
2010/7/2,1.06E-05
2010/7/6,1.05E-05
2010/7/7,1.04E-05
2010/7/8,1.03E-05
2010/7/9,1.03E-05
2010/7/12,1.03E-05
2010/7/13,1.03E-05
2010/7/14,1.04E-05
2010/7/15,1.06E-05
2010/7/16,1.06E-05
2010/7/19,1.04E-05
2010/7/20,1.05E-05
2010/7/21,1.04E-05
2010/7/22,1.04E-05
2010/7/23,1.04E-05
2010/7/26,1.04E-05
2010/7/27,1.04E-05
2010/7/28,1.03E-05
2010/7/29,1.03E-05
2010/7/30,1.03E-05
2010/8/2,1.02E-05
2010/8/3,1.02E-05
2010/8/4,1.02E-05
2010/8/5,1.02E-05
2010/8/6,1.02E-05
2010/8/9,1.03E-05
2010/8/10,1.03E-05
2010/8/11,1.05E-05
2010/8/12,1.04E-05
2010/8/13,1.04E-05
2010/8/16,1.04E-05
2010/8/17,1.03E-05
2010/8/18,1.03E-05
2010/8/19,1.04E-05
2010/8/20,1.04E-05
2010/8/23,1.05E-05
2010/8/24,1.06E-05
2010/8/25,1.06E-05
2010/8/26,1.06E-05
2010/8/27,1.06E-05
2010/8/30,1.06E-05
2010/8/31,1.06E-05
2010/9/1,1.05E-05
2010/9/2,1.05E-05
2010/9/3,1.05E-05
2010/9/7,1.05E-05
2010/9/8,1.04E-05
2010/9/9,1.03E-05
2010/9/10,1.03E-05
2010/9/13,1.03E-05
2010/9/14,1.03E-05
2010/9/15,1.03E-05
2010/9/16,1.03E-05
2010/9/17,1.03E-05
2010/9/20,1.03E-05
2010/9/21,1.03E-05
2010/9/22,1.03E-05
2010/9/23,1.03E-05
2010/9/24,1.03E-05
2010/9/27,1.03E-05
2010/9/28,1.03E-05
2010/9/29,1.03E-05
2010/9/30,1.03E-05
2010/10/1,1.03E-05
2010/10/4,1.02E-05
2010/10/5,1.02E-05
2010/10/6,1.01E-05
2010/10/7,1.02E-05
2010/10/8,1.02E-05
2010/10/11,1.01E-05
2010/10/12,1.01E-05
2010/10/13,1.00E-05
2010/10/14,1.00E-05
2010/10/15,1.00E-05
2010/10/18,1.02E-05
2010/10/19,1.03E-05
2010/10/20,1.02E-05
2010/10/21,1.03E-05
2010/10/22,1.03E-05
2010/10/25,1.02E-05
2010/10/26,1.02E-05
2010/10/27,1.03E-05
2010/10/28,1.03E-05
2010/10/29,1.03E-05
2010/11/1,1.01E-05
2010/11/2,1.01E-05
2010/11/3,1.01E-05
2010/11/4,1.00E-05
2010/11/5,1.00E-05
2010/11/8,1.00E-05
2010/11/9,1.01E-05
2010/11/10,1.00E-05
2010/11/11,1.00E-05
2010/11/12,1.00E-05
2010/11/15,1.01E-05
2010/11/16,1.02E-05
2010/11/17,1.02E-05
2010/11/18,1.02E-05
2010/11/19,1.02E-05
2010/11/22,1.02E-05
2010/11/23,1.02E-05
2010/11/24,1.01E-05
2010/11/26,1.01E-05
2010/11/29,1.02E-05
2010/11/30,1.03E-05
2010/12/1,1.02E-05
2010/12/2,1.00E-05
2010/12/3,1.00E-05
2010/12/6,1.01E-05
2010/12/7,1.01E-05
2010/12/8,1.01E-05
2010/12/9,1.01E-05
2010/12/10,1.01E-05
2010/12/13,1.01E-05
2010/12/14,1.01E-05
2010/12/15,1.00E-05
2010/12/16,1.01E-05
2010/12/17,1.01E-05
2010/12/20,1.02E-05
2010/12/21,1.02E-05
2010/12/22,1.01E-05
2010/12/23,1.01E-05
2010/12/27,1.01E-05
2010/12/28,1.00E-05
2010/12/29,1.00E-05
2010/12/30,1.00E-05
2010/12/31,1.00E-05
2011/1/3,0
2011/1/4,0
2011/1/5,0
2011/1/6,0
2011/1/7,0
2011/1/10,0
2011/1/11,0
2011/1/12,0
2011/1/13,0
2011/1/14,0
2011/1/18,0
2011/1/19,0
2011/1/20,0
2011/1/21,0
2011/1/24,0
2011/1/25,0
2011/1/26,0
2011/1/27,0
2011/1/28,0
2011/1/31,0
2011/2/1,9.90E-06
2011/2/2,9.87E-06
2011/2/3,9.91E-06
2011/2/4,9.91E-06
2011/2/7,9.90E-06
2011/2/8,9.95E-06
2011/2/9,9.94E-06
2011/2/10,9.96E-06
2011/2/11,9.96E-06
2011/2/14,9.90E-06
2011/2/15,9.89E-06
2011/2/16,9.84E-06
2011/2/17,9.84E-06
2011/2/18,9.84E-06
2011/2/22,9.90E-06
2011/2/23,9.88E-06
2011/2/24,9.82E-06
2011/2/25,9.82E-06
2011/2/28,9.71E-06
2011/3/1,0
2011/3/2,0
2011/3/3,0
2011/3/4,0
2011/3/7,0
2011/3/8,0
2011/3/9,0
2011/3/10,0
2011/3/11,0
2011/3/14,0
2011/3/15,0
2011/3/16,0
2011/3/17,0
2011/3/18,0
2011/3/21,0
2011/3/22,0
2011/3/23,0
2011/3/24,0
2011/3/25,0
2011/3/28,0
2011/3/29,0
2011/3/30,0
2011/3/31,0
2011/4/1,0
2011/4/4,0
2011/4/5,0
2011/4/6,0
2011/4/7,0
2011/4/8,0
2011/4/11,0
2011/4/12,0
2011/4/13,0
2011/4/14,0
2011/4/15,0
2011/4/18,0
2011/4/19,0
2011/4/20,0
2011/4/21,0
2011/4/25,0
2011/4/26,0
2011/4/27,0
2011/4/28,0
2011/4/29,0
2011/5/2,0
2011/5/3,0
2011/5/4,0
2011/5/5,0
2011/5/6,0
2011/5/9,0
2011/5/10,0
2011/5/11,0
2011/5/12,0
2011/5/13,0
2011/5/16,0
2011/5/17,0
2011/5/18,0
2011/5/19,0
2011/5/20,0
2011/5/23,0
2011/5/24,0
2011/5/25,0
2011/5/26,0
2011/5/27,0
2011/5/31,0
2011/6/1,0
2011/6/2,0
2011/6/3,0
2011/6/6,0
2011/6/7,0
2011/6/8,0
2011/6/9,0
2011/6/10,0
2011/6/13,0
2011/6/14,0
2011/6/15,0
2011/6/16,0
2011/6/17,0
2011/6/20,0
2011/6/21,0
2011/6/22,0
2011/6/23,0
2011/6/24,0
2011/6/27,0
2011/6/28,0
2011/6/29,0
2011/6/30,0
2011/7/1,0
2011/7/5,0
2011/7/6,0
2011/7/7,0
2011/7/8,0
2011/7/11,0
2011/7/12,0
2011/7/13,0
2011/7/14,0
2011/7/15,0
2011/7/18,0
2011/7/19,0
2011/7/20,0
2011/7/21,0
2011/7/22,0
2011/7/25,0
2011/7/26,0
2011/7/27,0
2011/7/28,0
2011/7/29,0
2011/8/1,0
2011/8/2,0
2011/8/3,0
2011/8/4,0
2011/8/5,0
2011/8/8,0
2011/8/9,0
2011/8/10,0
2011/8/11,0
2011/8/12,0
2011/8/15,0
2011/8/16,0
2011/8/17,0
2011/8/18,0
2011/8/19,0
2011/8/22,0
2011/8/23,0
2011/8/24,0
2011/8/25,0
2011/8/26,0
2011/8/29,0
2011/8/30,0
2011/8/31,0
2011/9/1,0
2011/9/2,0
2011/9/6,0
2011/9/7,0
2011/9/8,0
2011/9/9,0
2011/9/12,0
2011/9/13,0
2011/9/14,0
2011/9/15,0
2011/9/16,0
2011/9/19,0
2011/9/20,0
2011/9/21,0
2011/9/22,0
2011/9/23,0
2011/9/26,0
2011/9/27,0
2011/9/28,0
2011/9/29,0
2011/9/30,0
2011/10/3,0
2011/10/4,0
2011/10/5,0
2011/10/6,0
2011/10/7,0
2011/10/10,0
2011/10/11,0
2011/10/12,0
2011/10/13,0
2011/10/14,0
2011/10/17,0
2011/10/18,0
2011/10/19,0
2011/10/20,0
2011/10/21,0
2011/10/24,0
2011/10/25,0
2011/10/26,0
2011/10/27,0
2011/10/28,0
2011/10/31,0
2011/11/1,0
2011/11/2,0
2011/11/3,0
2011/11/4,0
2011/11/7,0
2011/11/8,0
2011/11/9,0
2011/11/10,0
2011/11/11,0
2011/11/14,0
2011/11/15,0
2011/11/16,0
2011/11/17,0
2011/11/18,0
2011/11/21,0
2011/11/22,0
2011/11/23,0
2011/11/25,0
2011/11/28,0
2011/11/29,0
2011/11/30,0
2011/12/1,0
2011/12/2,0
2011/12/5,0
2011/12/6,0
2011/12/7,0
2011/12/8,0
2011/12/9,0
2011/12/12,0
2011/12/13,0
2011/12/14,0
2011/12/15,0
2011/12/16,0
2011/12/19,0
2011/12/20,0
2011/12/21,0
2011/12/22,0
2011/12/23,0
2011/12/27,0
2011/12/28,0
2011/12/29,0
2011/12/30,0
2012/1/3,0
2012/1/4,0
2012/1/5,0
2012/1/6,0
2012/1/9,0
2012/1/10,0
2012/1/11,0
2012/1/12,0
2012/1/13,0
2012/1/17,0
2012/1/18,0
2012/1/19,0
2012/1/20,0
2012/1/23,0
2012/1/24,0
2012/1/25,0
2012/1/26,0
2012/1/27,0
2012/1/30,0
2012/1/31,0
2012/2/1,0
2012/2/2,0
2012/2/3,0
2012/2/6,0
2012/2/7,0
2012/2/8,0
2012/2/9,0
2012/2/10,0
2012/2/13,0
2012/2/14,0
2012/2/15,0
2012/2/16,0
2012/2/17,0
2012/2/21,0
2012/2/22,0
2012/2/23,0
2012/2/24,0
2012/2/27,0
2012/2/28,0
2012/2/29,0
2012/3/1,0
2012/3/2,0
2012/3/5,0
2012/3/6,0
2012/3/7,0
2012/3/8,0
2012/3/9,0
2012/3/12,0
2012/3/13,0
2012/3/14,0
2012/3/15,0
2012/3/16,0
2012/3/19,0
2012/3/20,0
2012/3/21,0
2012/3/22,0
2012/3/23,0
2012/3/26,0
2012/3/27,0
2012/3/28,0
2012/3/29,0
2012/3/30,0
2012/4/2,0
2012/4/3,0
2012/4/4,0
2012/4/5,0
2012/4/9,0
2012/4/10,0
2012/4/11,0
2012/4/12,0
2012/4/13,0
2012/4/16,0
2012/4/17,0
2012/4/18,0
2012/4/19,0
2012/4/20,0
2012/4/23,0
2012/4/24,0
2012/4/25,0
2012/4/26,0
2012/4/27,0
2012/4/30,0
2012/5/1,0
2012/5/2,0
2012/5/3,0
2012/5/4,0
2012/5/7,0
2012/5/8,0
2012/5/9,0
2012/5/10,0
2012/5/11,0
2012/5/14,0
2012/5/15,0
2012/5/16,0
2012/5/17,0
2012/5/18,0
2012/5/21,0
2012/5/22,0
2012/5/23,0
2012/5/24,0
2012/5/25,0
2012/5/29,0
2012/5/30,0
2012/5/31,0
2012/6/1,0
2012/6/4,0
2012/6/5,0
2012/6/6,0
2012/6/7,0
2012/6/8,0
2012/6/11,0
2012/6/12,0
2012/6/13,0
2012/6/14,0
2012/6/15,0
2012/6/18,0
2012/6/19,0
2012/6/20,0
2012/6/21,0
2012/6/22,0
2012/6/25,0
2012/6/26,0
2012/6/27,0
2012/6/28,0
2012/6/29,0
2012/7/2,0
2012/7/3,0
2012/7/5,0
2012/7/6,0
2012/7/9,0
2012/7/10,0
2012/7/11,0
2012/7/12,0
2012/7/13,0
2012/7/16,0
2012/7/17,0
2012/7/18,0
2012/7/19,0
2012/7/20,0
2012/7/23,0
2012/7/24,0
2012/7/25,0
2012/7/26,0
2012/7/27,0
2012/7/30,0
2012/7/31,0
2012/8/1,0
2012/8/2,0
2012/8/3,0
2012/8/6,0
2012/8/7,0
2012/8/8,0
2012/8/9,0
2012/8/10,0
2012/8/13,0
2012/8/14,0
2012/8/15,0
2012/8/16,0
2012/8/17,0
2012/8/20,0
2012/8/21,0
2012/8/22,0
2012/8/23,0
2012/8/24,0
2012/8/27,0
2012/8/28,0
2012/8/29,0
2012/8/30,0
2012/8/31,0
2012/9/4,0
2012/9/5,0
2012/9/6,0
2012/9/7,0
2012/9/10,0
2012/9/11,0
2012/9/12,0
2012/9/13,0
2012/9/14,0
2012/9/17,0
2012/9/18,0
2012/9/19,0
2012/9/20,0
2012/9/21,0
2012/9/24,0
2012/9/25,0
2012/9/26,0
2012/9/27,0
2012/9/28,0
2012/10/1,0
2012/10/2,0
2012/10/3,0
2012/10/4,0
2012/10/5,0
2012/10/8,0
2012/10/9,0
2012/10/10,0
2012/10/11,0
2012/10/12,0
2012/10/15,0
2012/10/16,0
2012/10/17,0
2012/10/18,0
2012/10/19,0
2012/10/22,0
2012/10/23,0
2012/10/24,0
2012/10/25,0
2012/10/26,0
2012/10/31,0
2012/11/1,0
2012/11/2,0
2012/11/5,0
2012/11/6,0
2012/11/7,0
2012/11/8,0
2012/11/9,0
2012/11/12,0
2012/11/13,0
2012/11/14,0
2012/11/15,0
2012/11/16,0
2012/11/19,0
2012/11/20,0
2012/11/21,0
2012/11/23,0
2012/11/26,0
2012/11/27,0
2012/11/28,0
2012/11/29,0
2012/11/30,0
2012/12/3,9.94E-06
2012/12/4,9.93E-06
2012/12/5,9.92E-06
2012/12/6,9.91E-06
2012/12/7,9.91E-06
2012/12/10,9.86E-06
2012/12/11,9.86E-06
2012/12/12,9.85E-06
2012/12/13,9.84E-06
2012/12/14,9.84E-06
2012/12/17,9.84E-06
2012/12/18,9.86E-06
2012/12/19,9.89E-06
2012/12/20,9.87E-06
2012/12/21,9.87E-06
2012/12/24,9.93E-06
2012/12/26,9.94E-06
2012/12/27,9.95E-06
2012/12/28,9.95E-06
2012/12/31,9.92E-06
2013/1/2,0
2013/1/3,0
2013/1/4,0
2013/1/7,0
2013/1/8,0
2013/1/9,0
2013/1/10,0
2013/1/11,0
2013/1/14,0
2013/1/15,0
2013/1/16,0
2013/1/17,0
2013/1/18,0
2013/1/22,0
2013/1/23,0
2013/1/24,0
2013/1/25,0
2013/1/28,0
2013/1/29,0
2013/1/30,0
2013/1/31,0
2013/2/1,0
2013/2/4,0
2013/2/5,0
2013/2/6,0
2013/2/7,0
2013/2/8,0
2013/2/11,0
2013/2/12,0
2013/2/13,0
2013/2/14,0
2013/2/15,0
2013/2/19,0
2013/2/20,0
2013/2/21,0
2013/2/22,0
2013/2/25,0
2013/2/26,0
2013/2/27,0
2013/2/28,0
2013/3/1,0
2013/3/4,0
2013/3/5,0
2013/3/6,0
2013/3/7,0
2013/3/8,0
2013/3/11,0
2013/3/12,0
2013/3/13,0
2013/3/14,0
2013/3/15,0
2013/3/18,0
2013/3/19,0
2013/3/20,0
2013/3/21,0
2013/3/22,0
2013/3/25,0
2013/3/26,0
2013/3/27,0
2013/3/28,0
2013/4/1,0
2013/4/2,0
2013/4/3,0
2013/4/4,0
2013/4/5,0
2013/4/8,0
2013/4/9,0
2013/4/10,0
2013/4/11,0
2013/4/12,0
2013/4/15,0
2013/4/16,0
2013/4/17,0
2013/4/18,0
2013/4/19,0
2013/4/22,0
2013/4/23,0
2013/4/24,0
2013/4/25,0
2013/4/26,0
2013/4/29,0
2013/4/30,0
2013/5/1,0
2013/5/2,0
2013/5/3,0
2013/5/6,0
2013/5/7,0
2013/5/8,0
2013/5/9,0
2013/5/10,0
2013/5/13,0
2013/5/14,0
2013/5/15,0
2013/5/16,0
2013/5/17,0
2013/5/20,0
2013/5/21,0
2013/5/22,0
2013/5/23,0
2013/5/24,0
2013/5/28,0
2013/5/29,0
2013/5/30,0
2013/5/31,0
2013/6/3,0
2013/6/4,0
2013/6/5,0
2013/6/6,0
2013/6/7,0
2013/6/10,0
2013/6/11,0
2013/6/12,0
2013/6/13,0
2013/6/14,0
2013/6/17,0
2013/6/18,0
2013/6/19,0
2013/6/20,0
2013/6/21,0
2013/6/24,0
2013/6/25,0
2013/6/26,0
2013/6/27,0
2013/6/28,0
2013/7/1,0
2013/7/2,0
2013/7/3,0
2013/7/5,0
2013/7/8,0
2013/7/9,0
2013/7/10,0
2013/7/11,0
2013/7/12,0
2013/7/15,0
2013/7/16,0
2013/7/17,0
2013/7/18,0
2013/7/19,0
2013/7/22,0
2013/7/23,0
2013/7/24,0
2013/7/25,0
2013/7/26,0
2013/7/29,0
2013/7/30,0
2013/7/31,0
2013/8/1,0
2013/8/2,0
2013/8/5,0
2013/8/6,0
2013/8/7,0
2013/8/8,0
2013/8/9,0
2013/8/12,0
2013/8/13,0
2013/8/14,0
2013/8/15,0
2013/8/16,0
2013/8/19,0
2013/8/20,0
2013/8/21,0
2013/8/22,0
2013/8/23,0
2013/8/26,0
2013/8/27,0
2013/8/28,0
2013/8/29,0
2013/8/30,0
2013/9/3,0
2013/9/4,0
2013/9/5,0
2013/9/6,0
2013/9/9,0
2013/9/10,0
2013/9/11,0
2013/9/12,0
2013/9/13,0
2013/9/16,0
2013/9/17,0
2013/9/18,0
2013/9/19,0
2013/9/20,0
2013/9/23,0
2013/9/24,0
2013/9/25,0
2013/9/26,0
2013/9/27,0
2013/9/30,0
2013/10/1,0
2013/10/2,0
2013/10/3,0
2013/10/4,0
2013/10/7,0
2013/10/8,0
2013/10/9,0
2013/10/10,0
2013/10/11,0
2013/10/14,0
2013/10/15,0
2013/10/16,0
2013/10/17,0
2013/10/18,0
2013/10/21,0
2013/10/22,0
2013/10/23,0
2013/10/24,0
2013/10/25,0
2013/10/28,0
2013/10/29,0
2013/10/30,0
2013/10/31,0
2013/11/1,0
2013/11/4,0
2013/11/5,0
2013/11/6,0
2013/11/7,0
2013/11/8,0
2013/11/11,0
2013/11/12,0
2013/11/13,0
2013/11/14,0
2013/11/15,0
2013/11/18,0
2013/11/19,0
2013/11/20,0
2013/11/21,0
2013/11/22,0
2013/11/25,0
2013/11/26,0
2013/11/27,0
2013/11/29,0
2013/12/2,0
2013/12/3,0
2013/12/4,0
2013/12/5,0
2013/12/6,0
2013/12/9,0
2013/12/10,0
2013/12/11,0
2013/12/12,0
2013/12/13,0
2013/12/16,0
2013/12/17,0
2013/12/18,0
2013/12/19,0
2013/12/20,0
2013/12/23,0
2013/12/24,0
2013/12/26,0
2013/12/27,0
2013/12/30,0
2013/12/31,0
2014/1/2,0
2014/1/3,0
2014/1/6,0
2014/1/7,0
2014/1/8,0
2014/1/9,0
2014/1/10,0
2014/1/13,0
2014/1/14,0
2014/1/15,0
2014/1/16,0
2014/1/17,0
2014/1/21,0
2014/1/22,0
2014/1/23,0
2014/1/24,0
2014/1/27,0
2014/1/28,0
2014/1/29,0
2014/1/30,0
2014/1/31,0
2014/2/3,0
2014/2/4,0
2014/2/5,0
2014/2/6,0
2014/2/7,0
2014/2/10,0
2014/2/11,0
2014/2/12,0
2014/2/13,0
2014/2/14,0
2014/2/18,0
2014/2/19,0
2014/2/20,0
2014/2/21,0
2014/2/24,0
2014/2/25,0
2014/2/26,0
2014/2/27,0
2014/2/28,0
2014/3/3,0
2014/3/4,0
2014/3/5,0
2014/3/6,0
2014/3/7,0
2014/3/10,0
2014/3/11,0
2014/3/12,0
2014/3/13,0
2014/3/14,0
2014/3/17,0
2014/3/18,0
2014/3/19,0
2014/3/20,0
2014/3/21,0
2014/3/24,0
2014/3/25,0
2014/3/26,0
2014/3/27,0
2014/3/28,0
2014/3/31,0
2014/4/1,0
2014/4/2,0
2014/4/3,0
2014/4/4,0
2014/4/7,0
2014/4/8,0
2014/4/9,0
2014/4/10,0
2014/4/11,0
2014/4/14,0
2014/4/15,0
2014/4/16,0
2014/4/17,0
2014/4/21,0
2014/4/22,0
2014/4/23,0
2014/4/24,0
2014/4/25,0
2014/4/28,0
2014/4/29,0
2014/4/30,0
2014/5/1,0
2014/5/2,0
2014/5/5,0
2014/5/6,0
2014/5/7,0
2014/5/8,0
2014/5/9,0
2014/5/12,0
2014/5/13,0
2014/5/14,0
2014/5/15,0
2014/5/16,0
2014/5/19,0
2014/5/20,0
2014/5/21,0
2014/5/22,0
2014/5/23,0
2014/5/27,0
2014/5/28,0
2014/5/29,0
2014/5/30,0
2014/6/2,0
2014/6/3,0
2014/6/4,0
2014/6/5,0
2014/6/6,0
2014/6/9,0
2014/6/10,0
2014/6/11,0
2014/6/12,0
2014/6/13,0
2014/6/16,0
2014/6/17,0
2014/6/18,0
2014/6/19,0
2014/6/20,0
2014/6/23,0
2014/6/24,0
2014/6/25,0
2014/6/26,0
2014/6/27,0
2014/6/30,0
2014/7/1,0
2014/7/2,0
2014/7/3,0
2014/7/7,0
2014/7/8,0
2014/7/9,0
2014/7/10,0
2014/7/11,0
2014/7/14,0
2014/7/15,0
2014/7/16,0
2014/7/17,0
2014/7/18,0
2014/7/21,0
2014/7/22,0
2014/7/23,0
2014/7/24,0
2014/7/25,0
2014/7/28,0
2014/7/29,0
2014/7/30,0
2014/7/31,0
2014/8/1,0
2014/8/4,0
2014/8/5,0
2014/8/6,0
2014/8/7,0
2014/8/8,0
2014/8/11,0
2014/8/12,0
2014/8/13,0
2014/8/14,0
2014/8/15,0
2014/8/18,0
2014/8/19,0
2014/8/20,0
2014/8/21,0
2014/8/22,0
2014/8/25,0
2014/8/26,0
2014/8/27,0
2014/8/28,0
2014/8/29,0
2014/9/2,0
2014/9/3,0
2014/9/4,0
2014/9/5,0
2014/9/8,0
2014/9/9,0
2014/9/10,0
2014/9/11,0
2014/9/12,0
2014/9/15,0
2014/9/16,0
2014/9/17,0
2014/9/18,0
2014/9/19,0
2014/9/22,0
2014/9/23,0
2014/9/24,0
2014/9/25,0
2014/9/26,0
2014/9/29,0
2014/9/30,0
2014/10/1,0
2014/10/2,0
2014/10/3,0
2014/10/6,0
2014/10/7,0
2014/10/8,0
2014/10/9,0
2014/10/10,0
2014/10/13,0
2014/10/14,0
2014/10/15,0
2014/10/16,0
2014/10/17,0
2014/10/20,0
2014/10/21,0
2014/10/22,0
2014/10/23,0
2014/10/24,0
2014/10/27,0
2014/10/28,0
2014/10/29,0
2014/10/30,0
2014/10/31,0
2014/11/3,0
2014/11/4,0
2014/11/5,0
2014/11/6,0
2014/11/7,0
2014/11/10,0
2014/11/11,0
2014/11/12,0
2014/11/13,0
2014/11/14,0
2014/11/17,0
2014/11/18,0
2014/11/19,0
2014/11/20,0
2014/11/21,0
2014/11/24,0
2014/11/25,0
2014/11/26,0
2014/11/28,0
2014/12/1,0
2014/12/2,0
2014/12/3,0
2014/12/4,0
2014/12/5,0
2014/12/8,0
2014/12/9,0
2014/12/10,0
2014/12/11,0
2014/12/12,0
2014/12/15,0
2014/12/16,0
2014/12/17,0
2014/12/18,0
2014/12/19,0
2014/12/22,0
2014/12/23,0
2014/12/24,0
2014/12/26,0
2014/12/29,0
2014/12/30,0
2014/12/31,0
2015/1/2,0
2015/1/5,0
2015/1/6,0
2015/1/7,0
2015/1/8,0
2015/1/9,0
2015/1/12,0
2015/1/13,0
2015/1/14,0
2015/1/15,0
2015/1/16,0
2015/1/20,0
2015/1/21,0
2015/1/22,0
2015/1/23,0
2015/1/26,0
2015/1/27,0
2015/1/28,0
2015/1/29,0
2015/1/30,0
2015/2/2,0
2015/2/3,0
2015/2/4,0
2015/2/5,0
2015/2/6,0
2015/2/9,0
2015/2/10,0
2015/2/11,0
2015/2/12,0
2015/2/13,0
2015/2/17,0
2015/2/18,0
2015/2/19,0
2015/2/20,0
2015/2/23,0
2015/2/24,0
2015/2/25,0
2015/2/26,0
2015/2/27,0
2015/3/2,0
2015/3/3,0
2015/3/4,0
2015/3/5,0
2015/3/6,0
2015/3/9,0
2015/3/10,0
2015/3/11,0
2015/3/12,0
2015/3/13,0
2015/3/16,0
2015/3/17,0
2015/3/18,0
2015/3/19,0
2015/3/20,0
2015/3/23,0
2015/3/24,0
2015/3/25,0
2015/3/26,0
2015/3/27,0
2015/3/30,0
2015/3/31,0
2015/4/1,0
2015/4/2,0
2015/4/6,0
2015/4/7,0
2015/4/8,0
2015/4/9,0
2015/4/10,0
2015/4/13,0
2015/4/14,0
2015/4/15,0
2015/4/16,0
2015/4/17,0
2015/4/20,0
2015/4/21,0
2015/4/22,0
2015/4/23,0
2015/4/24,0
2015/4/27,0
2015/4/28,0
2015/4/29,0
2015/4/30,0
2015/5/1,0
2015/5/4,0
2015/5/5,0
2015/5/6,0
2015/5/7,0
2015/5/8,0
2015/5/11,0
2015/5/12,0
2015/5/13,0
2015/5/14,0
2015/5/15,0
2015/5/18,0
2015/5/19,0
2015/5/20,0
2015/5/21,0
2015/5/22,0
2015/5/26,0
2015/5/27,0
2015/5/28,0
2015/5/29,0
2015/6/1,0
2015/6/2,0
2015/6/3,0
2015/6/4,0
2015/6/5,0
2015/6/8,0
2015/6/9,0
2015/6/10,0
2015/6/11,0
2015/6/12,0
2015/6/15,0
2015/6/16,0
2015/6/17,0
2015/6/18,0
2015/6/19,0
2015/6/22,0
2015/6/23,0
2015/6/24,0
2015/6/25,0
2015/6/26,0
2015/6/29,0
2015/6/30,0
2015/7/1,0
2015/7/2,0
2015/7/6,0
2015/7/7,0
2015/7/8,0
2015/7/9,0
2015/7/10,0
2015/7/13,0
2015/7/14,0
2015/7/15,0
2015/7/16,0
2015/7/17,0
2015/7/20,0
2015/7/21,0
2015/7/22,0
2015/7/23,0
2015/7/24,0
2015/7/27,0
2015/7/28,0
2015/7/29,0
2015/7/30,0
2015/7/31,0
2015/8/3,0
2015/8/4,0
2015/8/5,0
2015/8/6,0
2015/8/7,0
2015/8/10,0
2015/8/11,0
2015/8/12,0
2015/8/13,0
2015/8/14,0
2015/8/17,0
2015/8/18,0
2015/8/19,0
2015/8/20,0
2015/8/21,0
2015/8/24,0
2015/8/25,0
2015/8/26,0
2015/8/27,0
2015/8/28,0
2015/8/31,0
2015/9/1,0
2015/9/2,0
2015/9/3,0
2015/9/4,0
2015/9/8,0
2015/9/9,0
2015/9/10,0
2015/9/11,0
2015/9/14,0
2015/9/15,0
2015/9/16,0
2015/9/17,0
2015/9/18,0
2015/9/21,0
2015/9/22,0
2015/9/23,0
2015/9/24,0
2015/9/25,0
2015/9/28,0
2015/9/29,0
2015/9/30,0
2015/10/1,0
2015/10/2,0
2015/10/5,0
2015/10/6,0
2015/10/7,0
2015/10/8,0
2015/10/9,0
2015/10/12,0
2015/10/13,0
2015/10/14,0
2015/10/15,0
2015/10/16,0
2015/10/19,0
2015/10/20,0
2015/10/21,0
2015/10/22,0
2015/10/23,0
2015/10/26,0
2015/10/27,0
2015/10/28,0
2015/10/29,0
2015/10/30,0
2015/11/2,0
2015/11/3,0
2015/11/4,0
2015/11/5,0
2015/11/6,0
2015/11/9,0
2015/11/10,0
2015/11/11,0
2015/11/12,0
2015/11/13,0
2015/11/16,0
2015/11/17,0
2015/11/18,0
2015/11/19,0
2015/11/20,0
2015/11/23,0
2015/11/24,0
2015/11/25,0
2015/11/27,0
2015/11/30,0
2015/12/1,0
2015/12/2,0
2015/12/3,0
2015/12/4,0
2015/12/7,0
2015/12/8,0
2015/12/9,0
2015/12/10,0
2015/12/11,0
2015/12/14,0
2015/12/15,0
2015/12/16,0
2015/12/17,0
2015/12/18,0
2015/12/21,0
2015/12/22,0
2015/12/23,0
2015/12/24,0
2015/12/28,0
2015/12/29,0
2015/12/30,0
2015/12/31,0
2016/1/4,0
2016/1/5,0
2016/1/6,0
2016/1/7,0
2016/1/8,0
2016/1/11,0
2016/1/12,0
2016/1/13,0
2016/1/14,0
2016/1/15,0
2016/1/19,0
2016/1/20,0
2016/1/21,0
2016/1/22,0
2016/1/25,0
2016/1/26,0
2016/1/27,0
2016/1/28,0
2016/1/29,0
2016/2/1,1.40E-05
2016/2/2,1.41E-05
2016/2/3,1.38E-05
2016/2/4,1.38E-05
2016/2/5,1.38E-05
2016/2/8,1.39E-05
2016/2/9,1.39E-05
2016/2/10,1.39E-05
2016/2/11,1.39E-05
2016/2/12,1.39E-05
2016/2/16,1.39E-05
2016/2/17,1.37E-05
2016/2/18,1.37E-05
2016/2/19,1.37E-05
2016/2/22,1.37E-05
2016/2/23,1.38E-05
2016/2/24,1.37E-05
2016/2/25,1.35E-05
2016/2/26,1.35E-05
2016/2/29,1.35E-05
2016/3/1,1.34E-05
2016/3/2,1.34E-05
2016/3/3,1.34E-05
2016/3/4,1.34E-05
2016/3/7,1.33E-05
2016/3/8,1.34E-05
2016/3/9,1.32E-05
2016/3/10,1.33E-05
2016/3/11,1.33E-05
2016/3/14,1.33E-05
2016/3/15,1.34E-05
2016/3/16,1.31E-05
2016/3/17,1.30E-05
2016/3/18,1.30E-05
2016/3/21,1.31E-05
2016/3/22,1.31E-05
2016/3/23,1.32E-05
2016/3/24,1.33E-05
2016/3/28,1.32E-05
2016/3/29,1.31E-05
2016/3/30,1.30E-05
2016/3/31,1.30E-05
2016/4/1,0
2016/4/4,0
2016/4/5,0
2016/4/6,0
2016/4/7,0
2016/4/8,0
2016/4/11,0
2016/4/12,0
2016/4/13,0
2016/4/14,0
2016/4/15,0
2016/4/18,0
2016/4/19,0
2016/4/20,0
2016/4/21,0
2016/4/22,0
2016/4/25,0
2016/4/26,0
2016/4/27,0
2016/4/28,0
2016/4/29,0
2016/5/2,1.25E-05
2016/5/3,1.27E-05
2016/5/4,1.29E-05
2016/5/5,1.29E-05
2016/5/6,1.29E-05
2016/5/9,1.30E-05
2016/5/10,1.29E-05
2016/5/11,1.29E-05
2016/5/12,1.28E-05
2016/5/13,1.28E-05
2016/5/16,1.29E-05
2016/5/17,1.29E-05
2016/5/18,1.30E-05
2016/5/19,1.31E-05
2016/5/20,1.31E-05
2016/5/23,1.31E-05
2016/5/24,1.31E-05
2016/5/25,1.30E-05
2016/5/26,1.30E-05
2016/5/27,1.30E-05
2016/5/31,1.31E-05
2016/6/1,1.31E-05
2016/6/2,1.31E-05
2016/6/3,1.31E-05
2016/6/6,1.28E-05
2016/6/7,1.28E-05
2016/6/8,1.27E-05
2016/6/9,1.27E-05
2016/6/10,1.27E-05
2016/6/13,1.28E-05
2016/6/14,1.29E-05
2016/6/15,1.29E-05
2016/6/16,1.29E-05
2016/6/17,1.29E-05
2016/6/20,1.28E-05
2016/6/21,1.28E-05
2016/6/22,1.28E-05
2016/6/23,1.28E-05
2016/6/24,1.28E-05
2016/6/27,1.31E-05
2016/6/28,1.30E-05
2016/6/29,1.29E-05
2016/6/30,1.30E-05
2016/7/1,1.30E-05
2016/7/5,1.30E-05
2016/7/6,1.30E-05
2016/7/7,1.30E-05
2016/7/8,1.30E-05
2016/7/11,1.31E-05
2016/7/12,1.31E-05
2016/7/13,1.30E-05
2016/7/14,1.29E-05
2016/7/15,1.29E-05
2016/7/18,1.30E-05
2016/7/19,1.30E-05
2016/7/20,1.31E-05
2016/7/21,1.31E-05
2016/7/22,1.31E-05
2016/7/25,1.32E-05
2016/7/26,1.32E-05
2016/7/27,1.31E-05
2016/7/28,1.32E-05
2016/7/29,1.32E-05
2016/8/1,1.31E-05
2016/8/2,1.31E-05
2016/8/3,1.31E-05
2016/8/4,1.30E-05
2016/8/5,1.30E-05
2016/8/8,1.32E-05
2016/8/9,1.31E-05
2016/8/10,1.31E-05
2016/8/11,1.30E-05
2016/8/12,1.30E-05
2016/8/15,1.29E-05
2016/8/16,1.29E-05
2016/8/17,1.28E-05
2016/8/18,1.28E-05
2016/8/19,1.28E-05
2016/8/22,1.29E-05
2016/8/23,1.29E-05
2016/8/24,1.29E-05
2016/8/25,1.29E-05
2016/8/26,1.29E-05
2016/8/29,1.30E-05
2016/8/30,1.31E-05
2016/8/31,1.31E-05
2016/9/1,1.31E-05
2016/9/2,1.31E-05
2016/9/6,1.28E-05
2016/9/7,1.29E-05
2016/9/8,1.29E-05
2016/9/9,1.29E-05
2016/9/12,1.30E-05
2016/9/13,1.32E-05
2016/9/14,1.32E-05
2016/9/15,1.32E-05
2016/9/16,1.32E-05
2016/9/19,1.32E-05
2016/9/20,1.32E-05
2016/9/21,1.31E-05
2016/9/22,1.30E-05
2016/9/23,1.30E-05
2016/9/26,1.32E-05
2016/9/27,1.32E-05
2016/9/28,1.31E-05
2016/9/29,1.32E-05
2016/9/30,1.32E-05
2016/10/3,1.31E-05
2016/10/4,1.32E-05
2016/10/5,1.32E-05
2016/10/6,1.32E-05
2016/10/7,1.32E-05
2016/10/10,1.32E-05
2016/10/11,1.32E-05
2016/10/12,1.33E-05
2016/10/13,1.32E-05
2016/10/14,1.32E-05
2016/10/17,1.31E-05
2016/10/18,1.31E-05
2016/10/19,1.31E-05
2016/10/20,1.32E-05
2016/10/21,1.32E-05
2016/10/24,1.33E-05
2016/10/25,1.34E-05
2016/10/26,1.34E-05
2016/10/27,1.34E-05
2016/10/28,1.34E-05
2016/10/31,1.34E-05
2016/11/1,1.34E-05
2016/11/2,1.34E-05
2016/11/3,1.34E-05
2016/11/4,1.34E-05
2016/11/7,1.34E-05
2016/11/8,1.33E-05
2016/11/9,1.34E-05
2016/11/10,1.35E-05
2016/11/11,1.35E-05
2016/11/14,1.35E-05
2016/11/15,1.35E-05
2016/11/16,1.34E-05
2016/11/17,1.35E-05
2016/11/18,1.35E-05
2016/11/21,1.34E-05
2016/11/22,1.34E-05
2016/11/23,1.35E-05
2016/11/25,1.35E-05
2016/11/28,1.34E-05
2016/11/29,1.34E-05
2016/11/30,1.34E-05
2016/12/1,1.33E-05
2016/12/2,1.33E-05
2016/12/5,1.33E-05
2016/12/6,1.33E-05
2016/12/7,1.32E-05
2016/12/8,1.32E-05
2016/12/9,1.32E-05
2016/12/12,1.31E-05
2016/12/13,1.31E-05
2016/12/14,1.33E-05
2016/12/15,1.33E-05
2016/12/16,1.33E-05
2016/12/19,1.34E-05
2016/12/20,1.34E-05
2016/12/21,1.34E-05
2016/12/22,1.35E-05
2016/12/23,1.35E-05
2016/12/27,1.36E-05
2016/12/28,1.36E-05
2016/12/29,1.35E-05
2016/12/30,1.35E-05
2017/1/3,2.68E-05
2017/1/4,2.66E-05
2017/1/5,2.65E-05
2017/1/6,2.65E-05
2017/1/9,2.64E-05
2017/1/10,2.65E-05
2017/1/11,2.63E-05
2017/1/12,2.63E-05
2017/1/13,2.63E-05
2017/1/17,2.61E-05
2017/1/18,2.65E-05
2017/1/19,2.66E-05
2017/1/20,2.66E-05
2017/1/23,2.65E-05
2017/1/24,2.63E-05
2017/1/25,2.61E-05
2017/1/26,2.62E-05
2017/1/27,2.62E-05
2017/1/30,2.62E-05
2017/1/31,2.61E-05
2017/2/1,2.61E-05
2017/2/2,2.61E-05
2017/2/3,2.61E-05
2017/2/6,2.62E-05
2017/2/7,2.64E-05
2017/2/8,2.63E-05
2017/2/9,2.63E-05
2017/2/10,2.63E-05
2017/2/13,2.61E-05
2017/2/14,2.62E-05
2017/2/15,2.61E-05
2017/2/16,2.62E-05
2017/2/17,2.62E-05
2017/2/21,2.63E-05
2017/2/22,2.63E-05
2017/2/23,2.62E-05
2017/2/24,2.62E-05
2017/2/27,2.64E-05
2017/2/28,2.66E-05
2017/3/1,1.34E-05
2017/3/2,1.34E-05
2017/3/3,1.34E-05
2017/3/6,1.34E-05
2017/3/7,1.34E-05
2017/3/8,1.35E-05
2017/3/9,1.35E-05
2017/3/10,1.35E-05
2017/3/13,1.35E-05
2017/3/14,1.35E-05
2017/3/15,1.33E-05
2017/3/16,1.33E-05
2017/3/17,1.33E-05
2017/3/20,1.33E-05
2017/3/21,1.34E-05
2017/3/22,1.33E-05
2017/3/23,1.33E-05
2017/3/24,1.33E-05
2017/3/27,1.34E-05
2017/3/28,1.34E-05
2017/3/29,1.33E-05
2017/3/30,1.33E-05
2017/3/31,1.33E-05
2017/4/3,4.02E-05
2017/4/4,4.02E-05
2017/4/5,4.03E-05
2017/4/6,4.03E-05
2017/4/7,4.03E-05
2017/4/10,4.00E-05
2017/4/11,4.00E-05
2017/4/12,3.97E-05
2017/4/13,4.00E-05
2017/4/17,4.00E-05
2017/4/18,4.01E-05
2017/4/19,4.04E-05
2017/4/20,4.04E-05
2017/4/21,4.04E-05
2017/4/24,4.06E-05
2017/4/25,4.07E-05
2017/4/26,4.09E-05
2017/4/27,4.09E-05
2017/4/28,4.09E-05
2017/5/1,4.10E-05
2017/5/2,4.11E-05
2017/5/3,4.12E-05
2017/5/4,4.13E-05
2017/5/5,4.13E-05
2017/5/8,4.11E-05
2017/5/9,4.11E-05
2017/5/10,4.11E-05
2017/5/11,4.11E-05
2017/5/12,4.11E-05
2017/5/15,4.09E-05
2017/5/16,4.08E-05
2017/5/17,4.08E-05
2017/5/18,4.08E-05
2017/5/19,4.08E-05
2017/5/22,4.05E-05
2017/5/23,4.06E-05
2017/5/24,4.02E-05
2017/5/25,4.05E-05
2017/5/26,4.05E-05
2017/5/30,4.04E-05
2017/5/31,4.05E-05
2017/6/1,4.05E-05
2017/6/2,4.05E-05
2017/6/5,4.04E-05
2017/6/6,4.03E-05
2017/6/7,4.05E-05
2017/6/8,4.06E-05
2017/6/9,4.06E-05
2017/6/12,3.99E-05
2017/6/13,3.97E-05
2017/6/14,3.97E-05
2017/6/15,3.98E-05
2017/6/16,3.98E-05
2017/6/19,3.97E-05
2017/6/20,3.98E-05
2017/6/21,4.00E-05
2017/6/22,3.97E-05
2017/6/23,3.97E-05
2017/6/26,3.98E-05
2017/6/27,3.95E-05
2017/6/28,3.91E-05
2017/6/29,3.90E-05
2017/6/30,3.90E-05
2017/7/3,5.20E-05
2017/7/5,5.18E-05
2017/7/6,5.19E-05
2017/7/7,5.19E-05
2017/7/10,5.15E-05
2017/7/11,5.16E-05
2017/7/12,5.10E-05
2017/7/13,5.09E-05
2017/7/14,5.09E-05
2017/7/17,5.08E-05
2017/7/18,5.05E-05
2017/7/19,5.04E-05
2017/7/20,5.04E-05
2017/7/21,5.04E-05
2017/7/24,5.00E-05
2017/7/25,5.00E-05
2017/7/26,4.98E-05
2017/7/27,5.02E-05
2017/7/28,5.02E-05
2017/7/31,5.00E-05
2017/8/1,5.02E-05
2017/8/2,5.03E-05
2017/8/3,5.03E-05
2017/8/4,5.03E-05
2017/8/7,5.07E-05
2017/8/8,5.07E-05
2017/8/9,5.08E-05
2017/8/10,5.10E-05
2017/8/11,5.10E-05
2017/8/14,5.09E-05
2017/8/15,5.10E-05
2017/8/16,5.05E-05
2017/8/17,5.07E-05
2017/8/18,5.07E-05
2017/8/21,5.02E-05
2017/8/22,5.03E-05
2017/8/23,5.02E-05
2017/8/24,5.01E-05
2017/8/25,5.01E-05
2017/8/28,5.01E-05
2017/8/29,5.01E-05
2017/8/30,5.05E-05
2017/8/31,4.99E-05
2017/9/1,6.24E-05
2017/9/5,6.18E-05
2017/9/6,6.12E-05
2017/9/7,6.05E-05
2017/9/8,6.05E-05
2017/9/11,6.05E-05
2017/9/12,6.09E-05
2017/9/13,6.08E-05
2017/9/14,6.08E-05
2017/9/15,6.08E-05
2017/9/18,6.14E-05
2017/9/19,6.14E-05
2017/9/20,6.17E-05
2017/9/21,6.16E-05
2017/9/22,6.16E-05
2017/9/25,6.19E-05
2017/9/26,6.18E-05
2017/9/27,6.24E-05
2017/9/28,6.22E-05
2017/9/29,6.22E-05
2017/10/2,5.01E-05
2017/10/3,5.00E-05
2017/10/4,4.99E-05
2017/10/5,5.03E-05
2017/10/6,5.03E-05
2017/10/9,5.02E-05
2017/10/10,5.00E-05
2017/10/11,4.98E-05
2017/10/12,4.99E-05
2017/10/13,4.99E-05
2017/10/16,5.01E-05
2017/10/17,5.00E-05
2017/10/18,4.99E-05
2017/10/19,4.99E-05
2017/10/20,4.99E-05
2017/10/23,5.06E-05
2017/10/24,5.07E-05
2017/10/25,5.12E-05
2017/10/26,5.14E-05
2017/10/27,5.14E-05
2017/10/30,5.13E-05
2017/10/31,5.16E-05
2017/11/1,5.15E-05
2017/11/2,5.12E-05
2017/11/3,5.12E-05
2017/11/6,5.09E-05
2017/11/7,5.10E-05
2017/11/8,5.09E-05
2017/11/9,5.07E-05
2017/11/10,5.07E-05
2017/11/13,5.09E-05
2017/11/14,5.09E-05
2017/11/15,5.09E-05
2017/11/16,5.10E-05
2017/11/17,5.10E-05
2017/11/20,5.13E-05
2017/11/21,5.11E-05
2017/11/22,5.08E-05
2017/11/24,5.09E-05
2017/11/27,5.10E-05
2017/11/28,5.13E-05
2017/11/29,5.14E-05
2017/11/30,5.16E-05
2017/12/1,5.16E-05
2017/12/4,5.07E-05
2017/12/5,5.08E-05
2017/12/6,5.11E-05
2017/12/7,5.14E-05
2017/12/8,5.14E-05
2017/12/11,5.14E-05
2017/12/12,5.15E-05
2017/12/13,5.13E-05
2017/12/14,5.12E-05
2017/12/15,5.12E-05
2017/12/18,5.15E-05
2017/12/19,5.15E-05
2017/12/20,5.13E-05
2017/12/21,5.09E-05
2017/12/22,5.09E-05
2017/12/26,5.07E-05
2017/12/27,5.06E-05
2017/12/28,5.03E-05
2017/12/29,5.03E-05
2018/1/2,6.25E-05
2018/1/3,6.27E-05
2018/1/4,6.25E-05
2018/1/5,6.25E-05
2018/1/8,6.21E-05
2018/1/9,6.24E-05
2018/1/10,6.27E-05
2018/1/11,6.26E-05
2018/1/12,6.26E-05
2018/1/16,6.21E-05
2018/1/17,6.22E-05
2018/1/18,6.21E-05
2018/1/19,6.21E-05
2018/1/22,6.23E-05
2018/1/23,6.21E-05
2018/1/24,6.18E-05
2018/1/25,6.19E-05
2018/1/26,6.19E-05
2018/1/29,6.17E-05
2018/1/30,6.17E-05
2018/1/31,6.15E-05
2018/2/1,7.36E-05
2018/2/2,7.36E-05
2018/2/5,7.52E-05
2018/2/6,7.50E-05
2018/2/7,7.54E-05
2018/2/8,7.55E-05
2018/2/9,7.55E-05
2018/2/12,7.55E-05
2018/2/13,7.55E-05
2018/2/14,7.49E-05
2018/2/15,7.49E-05
2018/2/16,7.49E-05
2018/2/20,7.59E-05
2018/2/21,7.62E-05
2018/2/22,7.63E-05
2018/2/23,7.63E-05
2018/2/26,7.61E-05
2018/2/27,7.66E-05
2018/2/28,7.70E-05
2018/3/1,7.70E-05
2018/3/2,7.70E-05
2018/3/5,7.79E-05
2018/3/6,7.77E-05
2018/3/7,7.74E-05
2018/3/8,7.74E-05
2018/3/9,7.74E-05
2018/3/12,7.71E-05
2018/3/13,7.77E-05
2018/3/14,7.77E-05
2018/3/15,7.83E-05
2018/3/16,7.83E-05
2018/3/19,7.85E-05
2018/3/20,7.84E-05
2018/3/21,7.74E-05
2018/3/22,7.76E-05
2018/3/23,7.76E-05
2018/3/26,7.70E-05
2018/3/27,7.73E-05
2018/3/28,7.75E-05
2018/3/29,7.73E-05
2018/4/2,9.04E-05
2018/4/3,8.96E-05
2018/4/4,8.93E-05
2018/4/5,8.94E-05
2018/4/6,8.94E-05
2018/4/9,8.89E-05
2018/4/10,8.82E-05
2018/4/11,8.80E-05
2018/4/12,8.81E-05
2018/4/13,8.81E-05
2018/4/16,8.80E-05
2018/4/17,8.79E-05
2018/4/18,8.84E-05
2018/4/19,8.87E-05
2018/4/20,8.87E-05
2018/4/23,8.99E-05
2018/4/24,8.97E-05
2018/4/25,8.99E-05
2018/4/26,9.01E-05
2018/4/27,9.01E-05
2018/4/30,8.98E-05
2018/5/1,7.71E-05
2018/5/2,7.73E-05
2018/5/3,7.71E-05
2018/5/4,7.71E-05
2018/5/7,7.73E-05
2018/5/8,7.77E-05
2018/5/9,7.71E-05
2018/5/10,7.66E-05
2018/5/11,7.66E-05
2018/5/14,7.68E-05
2018/5/15,7.72E-05
2018/5/16,7.67E-05
2018/5/17,7.70E-05
2018/5/18,7.70E-05
2018/5/21,7.67E-05
2018/5/22,7.69E-05
2018/5/23,7.70E-05
2018/5/24,7.73E-05
2018/5/25,7.73E-05
2018/5/29,7.82E-05
2018/5/30,7.74E-05
2018/5/31,7.77E-05
2018/6/1,7.77E-05
2018/6/4,7.75E-05
2018/6/5,7.76E-05
2018/6/6,7.77E-05
2018/6/7,7.79E-05
2018/6/8,7.79E-05
2018/6/11,7.79E-05
2018/6/12,7.81E-05
2018/6/13,7.78E-05
2018/6/14,7.87E-05
2018/6/15,7.87E-05
2018/6/18,7.93E-05
2018/6/19,7.97E-05
2018/6/20,7.98E-05
2018/6/21,7.99E-05
2018/6/22,7.99E-05
2018/6/25,7.98E-05
2018/6/26,7.98E-05
2018/6/27,8.00E-05
2018/6/28,7.95E-05
2018/6/29,7.95E-05
2018/7/2,0.000105499
2018/7/3,0.000105136
2018/7/5,0.000105088
2018/7/6,0.000105088
2018/7/9,0.000104882
2018/7/10,0.000105144
2018/7/11,0.000105656
2018/7/12,0.000105322
2018/7/13,0.000105322
2018/7/16,0.00010509
2018/7/17,0.000105627
2018/7/18,0.000105343
2018/7/19,0.00010608
2018/7/20,0.00010608
2018/7/23,0.000105352
2018/7/24,0.000105202
2018/7/25,0.000104297
2018/7/26,0.000104552
2018/7/27,0.000104552
2018/7/30,0.000104224
2018/7/31,0.000104144
2018/8/1,9.10E-05
2018/8/2,9.12E-05
2018/8/3,9.12E-05
2018/8/6,9.10E-05
2018/8/7,9.14E-05
2018/8/8,9.11E-05
2018/8/9,9.13E-05
2018/8/10,9.13E-05
2018/8/13,9.19E-05
2018/8/14,9.14E-05
2018/8/15,9.20E-05
2018/8/16,9.21E-05
2018/8/17,9.21E-05
2018/8/20,9.13E-05
2018/8/21,9.12E-05
2018/8/22,9.11E-05
2018/8/23,9.17E-05
2018/8/24,9.17E-05
2018/8/27,9.07E-05
2018/8/28,9.05E-05
2018/8/29,9.03E-05
2018/8/30,9.09E-05
2018/8/31,9.09E-05
2018/9/4,0.000105394
2018/9/5,0.000105395
2018/9/6,0.000105238
2018/9/7,0.000105238
2018/9/10,0.000105298
2018/9/11,0.0001045
2018/9/12,0.000104
2018/9/13,0.000104043
2018/9/14,0.000104043
2018/9/17,0.000104508
2018/9/18,0.000103773
2018/9/19,0.000103345
2018/9/20,0.00010327
2018/9/21,0.00010327
2018/9/24,0.00010359
2018/9/25,0.000103658
2018/9/26,0.000104294
2018/9/27,0.000104291
2018/9/28,0.000104291
2018/10/1,0.000102497
2018/10/2,0.000102551
2018/10/3,0.000103024
2018/10/4,0.00010336
2018/10/5,0.00010336
2018/10/8,0.000103632
2018/10/9,0.000103504
2018/10/10,0.000104407
2018/10/11,0.00010425
2018/10/12,0.00010425
2018/10/15,0.000103946
2018/10/16,0.000103485
2018/10/17,0.0001042
2018/10/18,0.000104631
2018/10/19,0.000104631
2018/10/22,0.000104776
2018/10/23,0.000104646
2018/10/24,0.00010438
2018/10/25,0.000104566
2018/10/26,0.000104566
2018/10/29,0.00010503
2018/10/30,0.000104912
2018/10/31,0.00010526
2018/11/1,0.000104722
2018/11/2,0.000104722
2018/11/5,0.000104874
2018/11/6,0.00010493
2018/11/7,0.000104926
2018/11/8,0.000105142
2018/11/9,0.000105142
2018/11/12,0.000105936
2018/11/13,0.000105797
2018/11/14,0.000105976
2018/11/15,0.000105376
2018/11/16,0.000105376
2018/11/19,0.000105373
2018/11/20,0.00010644
2018/11/21,0.0001058
2018/11/23,0.000105525
2018/11/26,0.000106028
2018/11/27,0.000106363
2018/11/28,0.000106208
2018/11/29,0.0001062
2018/11/30,0.0001062
2018/12/3,0.000131977
2018/12/4,0.00013255
2018/12/6,0.000133937
2018/12/7,0.000133937
2018/12/10,0.000133979
2018/12/11,0.000133784
2018/12/12,0.00013346
2018/12/13,0.00013347
2018/12/14,0.00013347
2018/12/17,0.000134123
2018/12/18,0.00013457
2018/12/19,0.000134749
2018/12/20,0.000134984
2018/12/21,0.000134984
2018/12/24,0.00013608
2018/12/26,0.00013573
2018/12/27,0.00013619
2018/12/28,0.00013619
2018/12/31,0.000133943
2019/1/2,0.000136312
2019/1/3,0.000134788
2019/1/4,0.000134788
2019/1/7,0.00013296
2019/1/8,0.00013247
2019/1/9,0.000132115
2019/1/10,0.00013239
2019/1/11,0.00013239
2019/1/14,0.000132761
2019/1/15,0.000132596
2019/1/16,0.000132587
2019/1/17,0.000132802
2019/1/18,0.000132802
2019/1/22,0.00013356
2019/1/23,0.000133411
2019/1/24,0.000133505
2019/1/25,0.000133505
2019/1/28,0.000132603
2019/1/29,0.000132714
2019/1/30,0.00013141
2019/1/31,0.000131259
2019/2/1,0.000131259
2019/2/4,0.000131165
2019/2/5,0.00013124
2019/2/6,0.00013213
2019/2/7,0.000133109
2019/2/8,0.000133109
2019/2/11,0.000133
2019/2/12,0.000132286
2019/2/13,0.000132591
2019/2/14,0.00013297
2019/2/15,0.00013297
2019/2/19,0.000132089
2019/2/20,0.0001317
2019/2/21,0.000132254
2019/2/22,0.000132254
2019/2/25,0.000131852
2019/2/26,0.00013162
2019/2/27,0.00013145
2019/2/28,0.000131643
2019/3/1,0.000118479
2019/3/4,0.000119807
2019/3/5,0.00012018
2019/3/6,0.000120987
2019/3/7,0.000121002
2019/3/8,0.000121002
2019/3/11,0.000120551
2019/3/12,0.000120213
2019/3/13,0.000119655
2019/3/14,0.000119922
2019/3/15,0.000119922
2019/3/18,0.000120033
2019/3/19,0.000119898
2019/3/20,0.000119574
2019/3/21,0.000120285
2019/3/22,0.000120285
2019/3/25,0.000120528
2019/3/26,0.000120412
2019/3/27,0.000120705
2019/3/28,0.000120875
2019/3/29,0.000120875
2019/4/1,0.00013311
2019/4/2,0.00013343
2019/4/3,0.00013342
2019/4/4,0.000133647
2019/4/5,0.000133647
2019/4/8,0.000133136
2019/4/9,0.000133278
2019/4/10,0.000133178
2019/4/11,0.000133779
2019/4/12,0.000133779
2019/4/15,0.00013368
2019/4/16,0.000133593
2019/4/17,0.00013348
2019/4/18,0.00013376
2019/4/22,0.000133453
2019/4/23,0.000134277
2019/4/24,0.00013493
2019/4/25,0.00013478
2019/4/26,0.00013478
2019/4/29,0.000134547
2019/4/30,0.000133879
