Unnamed: 0,name,region,currency,quote_type,stock_position,bond_position,basic_materials,communication_services,consumer_cyclical,consumer_defensive,energy,financial_services,healthcare,industrials,realestate,technology,utilities,a,aa,aaa,b,bb,bbb,below_b,other,us_government,expense_ratio,asset_class
ITOT,iShares Core S&P Total U.S. Stock Market ETF,US,USD,ETF,0.996,0.0,0.024400001,0.033299997000000005,0.1234,0.0712,0.0461,0.1594,0.1365,0.1067,0.042,0.22399999,0.0328,0.0,0.0,0.0,0.0,0.0,0.0,0.0,0.0,0.0,0.00029999999,Equity
ACWI,iShares MSCI ACWI ETF,US,USD,ETF,0.9925,0.0,0.045700002,0.040599998,0.1159,0.0884,0.0588,0.1859,0.11399999,0.1008,0.032899998,0.18370001,0.0332,0.0,0.0,0.0,0.0,0.0,0.0,0.0,0.0,0.0,0.0032,Equity
IWV,iShares Russell 3000 ETF,US,USD,ETF,0.9961,0.0,0.024400001,0.0323,0.123100005,0.071,0.0458,0.1594,0.1376,0.1075,0.041500002,0.2245,0.032899998,0.0,0.0,0.0,0.0,0.0,0.0,0.0,0.0,0.0,0.002,Equity
SCHB,Schwab U.S. Broad Market ETF,US,USD,ETF,0.9994,0.0,0.0269,0.0334,0.1232,0.0712,0.0461,0.1587,0.1355,0.1065,0.0418,0.22389999,0.032899998,0.0,0.0,0.0,0.0,0.0,0.0,0.0,0.0,0.0,0.00029999999,Equity
VT,Vanguard Total World Stock Index Fund ETF Shares,US,USD,ETF,0.9896,0.0,0.0529,0.0343,0.121300004,0.0817,0.0573,0.17709999,0.1076,0.11229999,0.0388,0.1851,0.0317,0.0,0.0,0.0,0.0,0.0,0.0,0.0,0.0,0.0,0.00090000004,Equity
VTI,Vanguard Total Stock Market Index Fund ETF Shares,US,USD,ETF,0.9904,0.0,0.027999998999999998,0.0318,0.1244,0.069299996,0.049000002,0.1576,0.132,0.1086,0.0382,0.2296,0.0315,0.0,0.0,0.0,0.0,0.0,0.0,0.0,0.0,0.0,0.00029999999,Equity
VXUS,Vanguard Total International Stock Index Fund ETF Shares,US,USD,ETF,0.9547,0.0,0.08270001,0.0367,0.1161,0.0952,0.067600004,0.2068,0.0806,0.1216,0.0401,0.12109999,0.0315,0.0,0.0,0.0,0.0,0.0,0.0,0.0,0.0,0.0,0.00090000004,Equity
VTHR,Vanguard Russell 3000 Index Fund ETF Shares,US,USD,ETF,0.9974,0.0,0.028399998,0.0315,0.1246,0.0688,0.048499997999999996,0.1584,0.1318,0.1078,0.0375,0.2315,0.0311,0.0,0.0,0.0,0.0,0.0,0.0,0.0,0.0,0.0,0.0015,Equity
DIA,SPDR Dow Jones Industrial Average ETF,US,USD,ETF,0.998,0.0,0.0128,0.0149,0.16319999,0.0828,0.0505,0.19409999,0.1349,0.2043,0.0,0.1426,0.0,0.0,0.0,0.0,0.0,0.0,0.0,0.0,0.0,0.0,0.0017,Equity
RSP,Invesco S&P 500 Equal Weight ETF,US,USD,ETF,0.9992,0.0,0.04,0.0148,0.1464,0.0766,0.0548,0.15010001,0.12020001,0.1488,0.0638,0.1273,0.0571,0.0,0.0,0.0,0.0,0.0,0.0,0.0,0.0,0.0,0.002,Equity
IOO,iShares Global 100 ETF,US,USD,ETF,0.9943,0.0,0.0273,0.022000000000000002,0.12149999,0.1339,0.0887,0.1273,0.1494,0.0642,0.0,0.2572,0.0085,0.0,0.0,0.0,0.0,0.0,0.0,0.0,0.0,0.0,0.004,Equity
IVV,iShares Core S&P 500 ETF,US,USD,ETF,0.9943,0.0,0.020599999,0.0353,0.12140000599999999,0.0789,0.0495,0.16139999,0.1417,0.1012,0.027999998999999998,0.22770001,0.0343,0.0,0.0,0.0,0.0,0.0,0.0,0.0,0.0,0.0,0.0004,Equity
SPY,SPDR S&P 500 ETF,US,USD,ETF,0.9974,0.0,0.023599999,0.0352,0.121199995,0.078600004,0.0494,0.161,0.1412,0.1009,0.0279,0.22690001,0.0341,0.0,0.0,0.0,0.0,0.0,0.0,0.0,0.0,0.0,0.0009449999999999999,Equity
VOO,Vanguard S&P 500 ETF,US,USD,ETF,0.9954,0.0,0.0251,0.0346,0.122600004,0.0764,0.052199997000000005,0.1603,0.13520001,0.1019,0.0242,0.2352,0.0323,0.0,0.0,0.0,0.0,0.0,0.0,0.0,0.0,0.0,0.00029999999,Equity
IWM,iShares Russell 2000 ETF,US,USD,ETF,0.9985,0.0,0.048899997,0.013999999499999999,0.1245,0.0363,0.026099999,0.1671,0.139,0.1429,0.090500005,0.1708,0.0398,0.0,0.0,0.0,0.0,0.0,0.0,0.0,0.0,0.0,0.0019,Equity
OEF,iShares S&P 100 ETF,US,USD,ETF,0.99660003,0.0,0.0023999998999999998,0.048,0.1306,0.0907,0.048600002999999996,0.16870001,0.14039999,0.074200004,0.0034,0.2751,0.0178,0.0,0.0,0.0,0.0,0.0,0.0,0.0,0.0,0.0,0.002,Equity
QQQ,Invesco QQQ Trust,US,USD,ETF,0.9984,0.0,0.0,0.0456,0.1907,0.0639,0.0,0.0197,0.0763,0.0418,0.0,0.5583,0.0038,0.0,0.0,0.0,0.0,0.0,0.0,0.0,0.0,0.0,0.002,Equity
CVY,Invesco Zacks Multi-Asset Income ETF,US,USD,ETF,0.7565,0.102,0.0629,0.0508,0.1181,0.011000000000000001,0.171,0.29930001,0.0224,0.068,0.1424,0.0307,0.0234,0.0,0.0,0.0,0.0,0.0,0.0,0.0,0.0,0.0,0.0088,Multi-Asset
RPG,Invesco S&P 500 Pure Growth ETF,US,USD,ETF,0.9998,0.0,0.0209,0.0091,0.118999995,0.0854,0.0915,0.0774,0.14220001,0.1616,0.026300002000000003,0.2292,0.0373,0.0,0.0,0.0,0.0,0.0,0.0,0.0,0.0,0.0,0.0034999999,Equity
RPV,Invesco S&P 500 Pure Value ETF,US,USD,ETF,1.0,0.0,0.014199999,0.0254,0.1769,0.1087,0.102,0.3479,0.0647,0.0759,0.0047,0.052699998,0.026800001,0.0,0.0,0.0,0.0,0.0,0.0,0.0,0.0,0.0,0.0034999999,Equity
IWB,iShares Russell 1000 ETF,US,USD,ETF,0.9949,0.0,0.0226,0.0336,0.12300000000000001,0.0736,0.0473,0.1588,0.1375,0.10479999,0.0379,0.22850001,0.0324,0.0,0.0,0.0,0.0,0.0,0.0,0.0,0.0,0.0,0.0015,Equity
IWF,iShares Russell 1000 Growth ETF,US,USD,ETF,0.9977,0.0,0.0167,0.012,0.1757,0.062800005,0.0069999998,0.0967,0.1249,0.12640001,0.0199,0.35810003,0.0,0.0,0.0,0.0,0.0,0.0,0.0,0.0,0.0,0.0,0.002,Equity
IWD,iShares Russell 1000 Value ETF,US,USD,ETF,0.9957,0.0,0.0287,0.056199998,0.0682,0.0848,0.08930001,0.2237,0.1506,0.08220000599999999,0.056799997000000005,0.0934,0.0661,0.0,0.0,0.0,0.0,0.0,0.0,0.0,0.0,0.0,0.002,Equity
IVW,iShares S&P 500 Growth ETF,US,USD,ETF,0.9967,0.0,0.0194,0.0348,0.14829999,0.0577,0.0326,0.1075,0.1667,0.1012,0.026600001,0.2863,0.0189,0.0,0.0,0.0,0.0,0.0,0.0,0.0,0.0,0.0,0.0018000001,Equity
IVE,iShares S&P 500 Value ETF,US,USD,ETF,0.9955,0.0,0.022000000000000002,0.036000000000000004,0.08979999,0.1038,0.069299996,0.225,0.1122,0.1013,0.0296,0.1586,0.0523,0.0,0.0,0.0,0.0,0.0,0.0,0.0,0.0,0.0,0.0018000001,Equity
PKW,Invesco BuyBack Achievers ETF,US,USD,ETF,0.9998,0.0,0.0148,0.0343,0.2058,0.01,0.0484,0.1765,0.1087,0.1263,0.0121,0.2595,0.0038,0.0,0.0,0.0,0.0,0.0,0.0,0.0,0.0,0.0,0.0063,Equity
PRF,Invesco FTSE RAFI US 1000 ETF,US,USD,ETF,0.9999,0.0,0.03,0.056999996,0.10560001,0.093100004,0.08189999,0.19690001,0.1069,0.1033,0.0372,0.1402,0.048,0.0,0.0,0.0,0.0,0.0,0.0,0.0,0.0,0.0,0.0039,Equity
SPLV,Invesco S&P 500 Low Volatility ETF,US,USD,ETF,0.9998,0.0,0.0212,0.0201,0.0475,0.096999995,0.0086,0.2218,0.0383,0.09020001,0.1982,0.0104,0.2467,0.0,0.0,0.0,0.0,0.0,0.0,0.0,0.0,0.0,0.0025,Equity
SCHX,Schwab U.S. Large-Cap ETF,US,USD,ETF,0.9992,0.0,0.024300002,0.0354,0.122600004,0.0747,0.0478,0.1587,0.1372,0.1028,0.035,0.2283,0.033099998,0.0,0.0,0.0,0.0,0.0,0.0,0.0,0.0,0.0,0.00029999999,Equity
SCHG,Schwab U.S. Large-Cap Growth ETF,US,USD,ETF,0.9998,0.0,0.019299998999999998,0.0299,0.17300000000000001,0.0324,0.015800001,0.1252,0.13939999,0.108500004,0.0347,0.3142,0.0075,0.0,0.0,0.0,0.0,0.0,0.0,0.0,0.0,0.0,0.0004,Equity
SCHV,Schwab U.S. Large-Cap Value ETF,US,USD,ETF,0.9995,0.0,0.0307,0.0424,0.059000000000000004,0.1282,0.0881,0.2009,0.1344,0.0956,0.0353,0.12,0.0653,0.0,0.0,0.0,0.0,0.0,0.0,0.0,0.0,0.0,0.0004,Equity
SDY,SPDR S&P Dividend ETF,US,USD,ETF,0.9969,0.0,0.0728,0.033,0.111899994,0.1673,0.0388,0.16399999,0.0692,0.16450001,0.0659,0.028299998,0.0844,0.0,0.0,0.0,0.0,0.0,0.0,0.0,0.0,0.0,0.0034999999,Equity
VOOG,Vanguard S&P 500 Growth Index Fund ETF Shares,US,USD,ETF,0.9965,0.0,0.0191,0.0347,0.1503,0.056500003,0.0348,0.10520001,0.1617,0.1016,0.023599999,0.29459998,0.0179,0.0,0.0,0.0,0.0,0.0,0.0,0.0,0.0,0.0,0.0015,Equity
VOOV,Vanguard S&P 500 Value Index Fund ETF Shares,US,USD,ETF,0.9986,0.0,0.0315,0.0346,0.09060001,0.0992,0.07200000000000001,0.2236,0.10560001,0.1021,0.0251,0.16690001,0.048800003,0.0,0.0,0.0,0.0,0.0,0.0,0.0,0.0,0.0,0.0015,Equity
VV,Vanguard Large-Cap Index Fund ETF Shares,US,USD,ETF,0.9934,0.0,0.0247,0.0353,0.1242,0.0747,0.0512,0.1588,0.1337,0.1015,0.026400002000000002,0.2377,0.0319,0.0,0.0,0.0,0.0,0.0,0.0,0.0,0.0,0.0,0.0004,Equity
VUG,Vanguard Growth Index Fund ETF Shares,US,USD,ETF,0.9956,0.0,0.0215,0.0301,0.1823,0.042600002000000005,0.024600001,0.0858,0.100600004,0.0987,0.0381,0.3754,0.0004,0.0,0.0,0.0,0.0,0.0,0.0,0.0,0.0,0.0,0.0004,Equity
VTV,Vanguard Value Index Fund ETF Shares,US,USD,ETF,0.9985,0.0001,0.027999998999999998,0.040599998,0.0631,0.1082,0.0792,0.2356,0.1684,0.10479999,0.013999999499999999,0.0933,0.0648,0.0,0.0,0.0,0.0,0.0,0.0,0.0,0.0,0.0,0.0004,Multi-Asset
MGC,Vanguard Mega Cap Index Fund ETF Shares,US,USD,ETF,0.9973,0.0,0.0214,0.039300002,0.1188,0.08140001,0.0517,0.16469999,0.1416,0.0925,0.0161,0.2471,0.0253,0.0,0.0,0.0,0.0,0.0,0.0,0.0,0.0,0.0,0.0007,Equity
MGK,Vanguard Mega Cap Growth Index Fund ETF Shares,US,USD,ETF,0.9971,0.0,0.018000000000000002,0.0337,0.19569999,0.0542,0.0186,0.086899996,0.0936,0.0804,0.026500002,0.39240003,0.0,0.0,0.0,0.0,0.0,0.0,0.0,0.0,0.0,0.0,0.0007,Equity
MGV,Vanguard Mega Cap Value Index Fund ETF Shares,US,USD,ETF,0.9999,0.0,0.025,0.0452,0.0383,0.11,0.0863,0.24620001,0.1918,0.105100006,0.0052,0.095,0.051799998,0.0,0.0,0.0,0.0,0.0,0.0,0.0,0.0,0.0,0.0007,Equity
VONE,Vanguard Russell 1000 Index Fund ETF Shares,US,USD,ETF,0.9975,0.0,0.026700001,0.032899998,0.1243,0.0714,0.0499,0.1578,0.13149999,0.10520001,0.0339,0.2358,0.0307,0.0,0.0,0.0,0.0,0.0,0.0,0.0,0.0,0.0,0.0011999999,Equity
VONG,Vanguard Russell 1000 Growth Index Fund ETF Shares,US,USD,ETF,0.9973,0.0,0.0165,0.0123000005,0.17799999,0.060500003,0.0074,0.0926,0.1197,0.1274,0.0165,0.3689,0.0,0.0,0.0,0.0,0.0,0.0,0.0,0.0,0.0,0.0,0.0011999999,Equity
VONV,Vanguard Russell 1000 Value Index Fund ETF Shares,US,USD,ETF,0.9967,0.0,0.0372,0.0541,0.0685,0.082600005,0.0939,0.22530001,0.1438,0.082100004,0.051799998,0.09819999,0.0625,0.0,0.0,0.0,0.0,0.0,0.0,0.0,0.0,0.0,0.0011999999,Equity
VIG,Vanguard Dividend Appreciation Index Fund ETF Shares,US,USD,ETF,0.9987,0.0,0.0462,0.0377,0.1082,0.1541,0.0,0.1161,0.1258,0.2458,0.0,0.1106,0.0555,0.0,0.0,0.0,0.0,0.0,0.0,0.0,0.0,0.0,0.0005999999700000001,Equity
VYM,Vanguard High Dividend Yield Index Fund ETF Shares,US,USD,ETF,0.9986,0.0,0.0377,0.0651,0.0639,0.14109999,0.091800004,0.1863,0.1357,0.08140001,0.0004,0.114300005,0.08229999,0.0,0.0,0.0,0.0,0.0,0.0,0.0,0.0,0.0,0.0005999999700000001,Equity
DTN,WisdomTree U.S. Dividend ex-Financials Fund,US,USD,ETF,1.0,0.0,0.0454,0.0591,0.1696,0.141,0.14029999,0.0136,0.0829,0.1244,0.0004,0.0926,0.13069999,0.0,0.0,0.0,0.0,0.0,0.0,0.0,0.0,0.0,0.0038,Equity
DLN,WisdomTree U.S. LargeCap Dividend Fund,US,USD,ETF,1.0,0.0,0.014199999,0.0681,0.0705,0.1283,0.0794,0.16399999,0.1154,0.106300004,0.0402,0.1591,0.0543,0.0,0.0,0.0,0.0,0.0,0.0,0.0,0.0,0.0,0.0028,Equity
MDY,SPDR S&P MidCap 400 ETF,US,USD,ETF,1.0,0.0,0.058000002,0.006,0.1445,0.0345,0.0414,0.16870001,0.0832,0.15810001,0.096,0.1702,0.0395,0.0,0.0,0.0,0.0,0.0,0.0,0.0,0.0,0.0,0.0023999998999999998,Equity
DVY,iShares Select Dividend ETF,US,USD,ETF,0.9977,0.0,0.038399998,0.0499,0.18030001,0.096499994,0.086899996,0.1583,0.0185,0.039,0.0,0.0876,0.2447,0.0,0.0,0.0,0.0,0.0,0.0,0.0,0.0,0.0,0.0039,Equity
IWR,iShares Russell Mid-Cap ETF,US,USD,ETF,0.9974,0.0,0.0369,0.0069,0.1408,0.0519,0.0375,0.1306,0.094,0.1547,0.103999995,0.1769,0.065799996,0.0,0.0,0.0,0.0,0.0,0.0,0.0,0.0,0.0,0.002,Equity
IWP,iShares Russell Mid-Cap Growth ETF,US,USD,ETF,0.9982,0.0,0.028499998,0.0016,0.1768,0.0475,0.0135,0.0774,0.1322,0.1857,0.0317,0.305,0.0,0.0,0.0,0.0,0.0,0.0,0.0,0.0,0.0,0.0,0.0025,Equity
IWS,iShares Russell Mid-Cap Value ETF,US,USD,ETF,0.9969,0.0,0.0432,0.0109,0.11359999,0.0551,0.0554,0.17040001,0.0656,0.1318,0.15810001,0.0809,0.115,0.0,0.0,0.0,0.0,0.0,0.0,0.0,0.0,0.0,0.0025,Equity
IJH,iShares Core S&P Mid-Cap ETF,US,USD,ETF,0.9967,0.0,0.0558,0.0064999997,0.1455,0.0347,0.0378,0.17040001,0.086899996,0.1549,0.10479999,0.1598,0.0429,0.0,0.0,0.0,0.0,0.0,0.0,0.0,0.0,0.0,0.0007,Equity
IJK,iShares S&P Mid-Cap 400 Growth ETF,US,USD,ETF,0.9976,0.0,0.0422,0.0056,0.146,0.0327,0.0352,0.1026,0.1378,0.1575,0.11699999999999999,0.18360001,0.0398,0.0,0.0,0.0,0.0,0.0,0.0,0.0,0.0,0.0,0.0025,Equity
IJJ,iShares S&P Mid-Cap 400 Value ETF,US,USD,ETF,0.9962,0.0,0.0705,0.0074,0.14479999,0.0368,0.040599998,0.24430001,0.031600002,0.1521,0.0916,0.1339,0.0463,0.0,0.0,0.0,0.0,0.0,0.0,0.0,0.0,0.0,0.0025,Equity
PDP,Invesco DWA Momentum ETF,US,USD,ETF,0.9987,0.0,0.0466,0.037000000000000005,0.19780001,0.060399997999999996,0.0084,0.0936,0.1375,0.1554,0.0365,0.205,0.0217,0.0,0.0,0.0,0.0,0.0,0.0,0.0,0.0,0.0,0.0063,Equity
SCHM,Schwab U.S. Mid-Cap ETF,US,USD,ETF,0.9996,0.0004,0.044299997,0.0085,0.1575,0.0275,0.0279,0.13350001,0.092700005,0.154,0.12529999,0.192,0.0368,0.0,0.0,0.0,0.0,0.0,0.0,0.0,0.0,0.0,0.0004,Multi-Asset
IVOO,Vanguard S&P Mid-Cap 400 Index Fund ETF Shares,US,USD,ETF,0.98620003,0.0,0.058000002,0.006,0.1445,0.0345,0.041300002,0.16860001,0.0832,0.15810001,0.096,0.1702,0.0395,0.0,0.0,0.0,0.0,0.0,0.0,0.0,0.0,0.0,0.0015,Equity
IVOG,Vanguard S&P Mid-Cap 400 Growth Index Fund ETF Shares,US,USD,ETF,0.982,0.0,0.045100003,0.0050999997,0.1418,0.0318,0.0385,0.1011,0.13319999,0.1607,0.1046,0.2008,0.0374,0.0,0.0,0.0,0.0,0.0,0.0,0.0,0.0,0.0,0.002,Equity
IVOV,Vanguard S&P Mid-Cap 400 Value Index Fund ETF Shares,US,USD,ETF,0.9935,0.0,0.0717,0.0069,0.14739999,0.0373,0.044299997,0.23969999,0.0306,0.15529999,0.087,0.1381,0.0418,0.0,0.0,0.0,0.0,0.0,0.0,0.0,0.0,0.0,0.002,Equity
VO,Vanguard Mid-Cap Index Fund ETF Shares,US,USD,ETF,0.9883,0.0,0.0404,0.015800001,0.15020001,0.041100002999999996,0.048699997,0.12979999,0.0955,0.1458,0.0762,0.1924,0.064,0.0,0.0,0.0,0.0,0.0,0.0,0.0,0.0,0.0,0.0004,Equity
VOT,Vanguard Mid-Cap Growth Index Fund ETF Shares,US,USD,ETF,0.9918,0.0,0.028499998,0.0109,0.1033,0.0347,0.060700002999999995,0.0715,0.1292,0.2013,0.0907,0.2669,0.0025,0.0,0.0,0.0,0.0,0.0,0.0,0.0,0.0,0.0,0.0007,Equity
VOE,Vanguard Mid-Cap Value Index Fund ETF Shares,US,USD,ETF,0.9956,0.0,0.052800003,0.0209,0.1998,0.0495,0.0357,0.19389999,0.059499998,0.0859,0.060300004000000004,0.1121,0.1295,0.0,0.0,0.0,0.0,0.0,0.0,0.0,0.0,0.0,0.0007,Equity
VXF,Vanguard Extended Market Index Fund ETF Shares,US,USD,ETF,0.96849996,0.0001,0.045,0.0226,0.1364,0.0319,0.033,0.1498,0.1089,0.1337,0.10560001,0.2087,0.024500001,0.0,0.0,0.0,0.0,0.0,0.0,0.0,0.0,0.0,0.0007,Multi-Asset
DON,WisdomTree U.S. MidCap Dividend Fund,US,USD,ETF,1.0,0.0,0.0695,0.0029,0.2383,0.052600004000000006,0.069,0.111,0.019299998999999998,0.13350001,0.1586,0.061100002,0.0842,0.0,0.0,0.0,0.0,0.0,0.0,0.0,0.0,0.0,0.0038,Equity
IWC,iShares Micro-Cap ETF,US,USD,ETF,0.9969,0.0,0.0279,0.0109,0.1046,0.0327,0.0287,0.22479999,0.24450001,0.1118,0.066300005,0.1339,0.0139,0.0,0.0,0.0,0.0,0.0,0.0,0.0,0.0,0.0,0.006,Equity
IWO,iShares Russell 2000 Growth ETF,US,USD,ETF,0.9977,0.0,0.0548,0.017,0.1533,0.0396,0.0159,0.0722,0.2334,0.1582,0.0334,0.2166,0.0056,0.0,0.0,0.0,0.0,0.0,0.0,0.0,0.0,0.0,0.0023999998999999998,Equity
IWN,iShares Russell 2000 Value ETF,US,USD,ETF,0.9982,0.0,0.0427,0.0108,0.0929,0.0327,0.0374,0.2708,0.0353,0.1262,0.1533,0.1204,0.0776,0.0,0.0,0.0,0.0,0.0,0.0,0.0,0.0,0.0,0.0023999998999999998,Equity
IJR,iShares Core S&P Small-Cap ETF,US,USD,ETF,0.9979,0.0,0.0654,0.015700001,0.13229999,0.0381,0.0341,0.1659,0.1015,0.1768,0.088199995,0.16,0.0219,0.0,0.0,0.0,0.0,0.0,0.0,0.0,0.0,0.0,0.0007,Equity
IJT,iShares S&P Small-Cap 600 Growth ETF,US,USD,ETF,0.9989,0.0,0.0484,0.0233,0.1251,0.0388,0.026199998,0.1433,0.16459998,0.1634,0.0806,0.16600001,0.020399999,0.0,0.0,0.0,0.0,0.0,0.0,0.0,0.0,0.0,0.0025,Equity
IJS,iShares S&P Small-Cap 600 Value ETF,US,USD,ETF,0.997,0.0,0.0828,0.0091,0.1393,0.037000000000000005,0.0419,0.1904,0.0377,0.1891,0.0953,0.154,0.0234,0.0,0.0,0.0,0.0,0.0,0.0,0.0,0.0,0.0,0.0025,Equity
SCHA,Schwab U.S. Small-Cap ETF,US,USD,ETF,0.9992,0.0,0.0509,0.0145000005,0.1284,0.0374,0.0299,0.1586,0.119899996,0.14140001,0.1066,0.18190001,0.0305,0.0,0.0,0.0,0.0,0.0,0.0,0.0,0.0,0.0,0.0004,Equity
VIOO,Vanguard S&P Small-Cap 600 Index Fund ETF Shares,US,USD,ETF,0.9847,0.0,0.0678,0.015099999499999999,0.1357,0.0359,0.039300002,0.16409999,0.0956,0.1749,0.0872,0.16420001,0.0202,0.0,0.0,0.0,0.0,0.0,0.0,0.0,0.0,0.0,0.0015,Equity
VIOG,Vanguard S&P Small-Cap 600 Growth Index Fund ETF Shares,US,USD,ETF,0.98510003,0.0,0.048899997,0.0223,0.1269,0.0348,0.0318,0.14400000000000002,0.1546,0.1604,0.0867,0.1708,0.0188,0.0,0.0,0.0,0.0,0.0,0.0,0.0,0.0,0.0,0.002,Equity
VIOV,Vanguard S&P Small-Cap 600 Value Index Fund ETF Shares,US,USD,ETF,0.9853,0.0,0.0865,0.0081,0.1444,0.0368,0.0467,0.1839,0.037100002,0.1898,0.0877,0.1575,0.0215,0.0,0.0,0.0,0.0,0.0,0.0,0.0,0.0,0.0,0.002,Equity
VB,Vanguard Small-Cap Index Fund ETF Shares,US,USD,ETF,0.9753,0.0,0.0523,0.0105,0.12640001,0.0355,0.0354,0.14109999,0.109,0.16,0.1178,0.18090001,0.031,0.0,0.0,0.0,0.0,0.0,0.0,0.0,0.0,0.0,0.0005,Equity
VBK,Vanguard Small-Cap Growth Index Fund ETF Shares,US,USD,ETF,0.9785,0.0,0.0349,0.0156,0.1179,0.0322,0.031,0.0573,0.18020001,0.14220001,0.11109999599999999,0.2707,0.0069,0.0,0.0,0.0,0.0,0.0,0.0,0.0,0.0,0.0,0.0007,Equity
VBR,Vanguard Small-Cap Value Index Fund ETF Shares,US,USD,ETF,0.9867,0.0,0.0678,0.006,0.134,0.0385,0.039,0.21600000000000003,0.045300003,0.17600000000000002,0.1246,0.1005,0.052399997000000004,0.0,0.0,0.0,0.0,0.0,0.0,0.0,0.0,0.0,0.0007,Equity
VTWO,Vanguard Russell 2000 Index Fund ETF Shares,US,USD,ETF,0.97400004,0.0,0.0519,0.013300001,0.1288,0.0353,0.0292,0.16620001,0.1361,0.1432,0.0862,0.1731,0.0368,0.0,0.0,0.0,0.0,0.0,0.0,0.0,0.0,0.0,0.0015,Equity
VTWG,Vanguard Russell 2000 Growth Index Fund ETF Shares,US,USD,ETF,0.97220004,0.0,0.0573,0.015099999499999999,0.15720001,0.0373,0.0179,0.0733,0.22899999999999998,0.1568,0.0321,0.2189,0.0050999997,0.0,0.0,0.0,0.0,0.0,0.0,0.0,0.0,0.0,0.002,Equity
VTWV,Vanguard Russell 2000 Value Index Fund ETF Shares,US,USD,ETF,0.985,0.0,0.046,0.0115,0.0979,0.0332,0.041500002,0.2669,0.035099998,0.1284,0.1449,0.1233,0.0712,0.0,0.0,0.0,0.0,0.0,0.0,0.0,0.0,0.0,0.002,Equity
EEB,Invesco BRIC ETF,US,USD,ETF,0.9972,0.0,0.0791,0.0637,0.1428,0.0521,0.22610001,0.2186,0.0115,0.0521,0.0,0.1258,0.028199999,0.0,0.0,0.0,0.0,0.0,0.0,0.0,0.0,0.0,0.0064,Equity
ECON,Columbia Emerging Markets Consumer ETF,US,USD,ETF,0.9976,0.0017,0.0,0.2343,0.31190002,0.3044,0.0,0.0,0.0,0.0,0.0,0.14930001,0.0,0.0,0.0,0.0,0.0,0.0,0.0,0.0,0.0,0.0,0.0058999998,Multi-Asset
IDV,iShares International Select Dividend ETF,US,USD,ETF,0.9894,0.0,0.0109,0.0802,0.1658,0.0716,0.0763,0.38880002,0.0172,0.0256,0.0027,0.0335,0.1274,0.0,0.0,0.0,0.0,0.0,0.0,0.0,0.0,0.0,0.005,Equity
ACWX,iShares MSCI ACWI ex U.S. ETF,US,USD,ETF,0.9903,0.0,0.0771,0.042600002000000005,0.108500004,0.1031,0.0726,0.2207,0.08270001,0.107,0.0346,0.1182,0.0328,0.0,0.0,0.0,0.0,0.0,0.0,0.0,0.0,0.0,0.0032,Equity
BKF,iShares MSCI BRIC ETF,US,USD,ETF,0.9946,0.0,0.066199996,0.0377,0.1509,0.0673,0.1137,0.25620002,0.028499998,0.045100003,0.0376,0.16780001,0.0291,0.0,0.0,0.0,0.0,0.0,0.0,0.0,0.0,0.0,0.0067000003,Equity
EFA,iShares MSCI EAFE ETF,US,USD,ETF,0.9881,0.0,0.0761,0.041199997,0.11399999,0.120900005,0.057600003,0.1889,0.1112,0.1359,0.0378,0.080299996,0.036000000000000004,0.0,0.0,0.0,0.0,0.0,0.0,0.0,0.0,0.0,0.0031,Equity
EFG,iShares MSCI EAFE Growth ETF,US,USD,ETF,0.9921,0.0,0.06,0.0217,0.1174,0.2049,0.0126,0.0837,0.15720001,0.1681,0.0252,0.135,0.014199999,0.0,0.0,0.0,0.0,0.0,0.0,0.0,0.0,0.0,0.004,Equity
EFV,iShares MSCI EAFE Value ETF,US,USD,ETF,0.986,0.0,0.0933,0.0622,0.1099,0.0305,0.106000006,0.3021,0.062,0.10099999999999999,0.0514,0.0218,0.0598,0.0,0.0,0.0,0.0,0.0,0.0,0.0,0.0,0.0,0.0038,Equity
SCZ,iShares MSCI EAFE Small-Cap ETF,US,USD,ETF,0.985,0.0,0.0875,0.0145000005,0.14310001,0.0713,0.02,0.115100004,0.07780000599999999,0.19469999,0.1267,0.1267,0.0225,0.0,0.0,0.0,0.0,0.0,0.0,0.0,0.0,0.0,0.0039,Equity
EEM,iShares MSCI Emerging Markets ETF,US,USD,ETF,0.9954,0.0,0.0788,0.048,0.111,0.070300005,0.0785,0.2545,0.0256,0.0494,0.0318,0.22629999,0.025799999,0.0,0.0,0.0,0.0,0.0,0.0,0.0,0.0,0.0,0.0067000003,Equity
PID,Invesco International Dividend Achievers ETF,US,USD,ETF,0.9997,0.0,0.111899994,0.0964,0.0767,0.0307,0.1187,0.19450001,0.0429,0.1106,0.0299,0.0975,0.09020001,0.0,0.0,0.0,0.0,0.0,0.0,0.0,0.0,0.0,0.0055,Equity
SCHC,Schwab International Small-Cap Equity ETF,US,USD,ETF,0.9909,0.0,0.1065,0.017,0.1407,0.0608,0.0448,0.1103,0.0762,0.19379999,0.1046,0.1201,0.0251,0.0,0.0,0.0,0.0,0.0,0.0,0.0,0.0,0.0,0.0011999999,Equity
SCHE,Schwab Emerging Markets Equity ETF,US,USD,ETF,0.9952,0.0,0.0829,0.053200002999999996,0.1067,0.0654,0.091800004,0.2737,0.023,0.0495,0.0361,0.1884,0.0293,0.0,0.0,0.0,0.0,0.0,0.0,0.0,0.0,0.0,0.0013,Equity
SCHF,Schwab International Equity ETF,US,USD,ETF,0.9975,0.0,0.0767,0.0378,0.1096,0.1101,0.0677,0.2062,0.0971,0.13430001,0.0336,0.0923,0.0345,0.0,0.0,0.0,0.0,0.0,0.0,0.0,0.0,0.0,0.0005999999700000001,Equity
DWX,SPDR S&P International Dividend ETF,US,USD,ETF,0.9975,0.0,0.0295,0.1541,0.0983,0.0523,0.0167,0.237,0.0199,0.0949,0.152,0.0324,0.112799995,0.0,0.0,0.0,0.0,0.0,0.0,0.0,0.0,0.0,0.0045,Equity
VEA,Vanguard FTSE Developed Markets Index Fund ETF Shares,US,USD,ETF,0.96580005,0.0,0.0836,0.0337,0.1142,0.1043,0.0636,0.20040001,0.0939,0.139,0.038900002999999996,0.096099995,0.0323,0.0,0.0,0.0,0.0,0.0,0.0,0.0,0.0,0.0,0.0005,Equity
VWO,Vanguard FTSE Emerging Markets Index Fund ETF Shares,US,USD,ETF,0.96739995,0.0,0.0799,0.043899997999999996,0.1162,0.066599995,0.0788,0.2483,0.0294,0.0577,0.0437,0.2065,0.0291,0.0,0.0,0.0,0.0,0.0,0.0,0.0,0.0,0.0,0.0011999999,Equity
VEU,Vanguard FTSE All-World ex-US Index Fund ETF Shares,US,USD,ETF,0.97260004,0.0,0.0799,0.039100002,0.11229999,0.0986,0.0696,0.2219,0.0809,0.11470000400000001,0.033,0.1178,0.0321,0.0,0.0,0.0,0.0,0.0,0.0,0.0,0.0,0.0,0.00090000004,Equity
VSS,Vanguard FTSE All-World ex-US Small-Cap Index Fund ETF Shares,US,USD,ETF,0.92300004,0.0,0.1018,0.0147,0.1445,0.0577,0.0418,0.106800005,0.07200000000000001,0.17870001,0.102,0.1526,0.0275,0.0,0.0,0.0,0.0,0.0,0.0,0.0,0.0,0.0,0.0011999999,Equity
DEM,WisdomTree Emerging Markets High Dividend Fund,US,USD,ETF,1.0,0.0,0.1716,0.108500004,0.0629,0.0502,0.17300000000000001,0.19139999,0.0077,0.038399998,0.040999997,0.1075,0.0478,0.0,0.0,0.0,0.0,0.0,0.0,0.0,0.0,0.0,0.0063,Equity
DGS,WisdomTree Emerging Markets SmallCap Dividend Fund,US,USD,ETF,1.0,0.0,0.0959,0.025999999,0.1555,0.0653,0.0115,0.1041,0.0298,0.111,0.1349,0.2,0.066,0.0,0.0,0.0,0.0,0.0,0.0,0.0,0.0,0.0,0.0063,Equity
AAXJ,iShares MSCI All Country Asia ex Japan ETF,US,USD,ETF,0.9921,0.0,0.051999997,0.0433,0.124,0.0583,0.0422,0.24340001,0.0277,0.070700005,0.0646,0.24260001,0.0311,0.0,0.0,0.0,0.0,0.0,0.0,0.0,0.0,0.0,0.0069,Equity
EZU,iShares MSCI Eurozone ETF,US,USD,ETF,0.9906,0.0,0.0721,0.0418,0.1393,0.11399999,0.053200002999999996,0.17379999,0.0793,0.14400000000000002,0.0218,0.0983,0.0623,0.0,0.0,0.0,0.0,0.0,0.0,0.0,0.0,0.0,0.0047,Equity
EPP,iShares MSCI Pacific ex Japan ETF,US,USD,ETF,0.9892,0.0,0.0991,0.026199998,0.0677,0.0397,0.0322,0.3752,0.0598,0.0995,0.1365,0.0186,0.045500003,0.0,0.0,0.0,0.0,0.0,0.0,0.0,0.0,0.0,0.0047999997999999995,Equity
IEV,iShares Europe ETF,US,USD,ETF,0.9890000000000001,0.0,0.078,0.0336,0.1047,0.1538,0.08,0.17989999,0.1357,0.1193,0.013999999499999999,0.0596,0.041500002,0.0,0.0,0.0,0.0,0.0,0.0,0.0,0.0,0.0,0.006,Equity
ILF,iShares Latin America 40 ETF,US,USD,ETF,0.9967,0.0,0.15640001,0.0387,0.0247,0.1419,0.138,0.41830003,0.0,0.038399998,0.0091,0.0045,0.0299,0.0,0.0,0.0,0.0,0.0,0.0,0.0,0.0,0.0,0.0047999997999999995,Equity
FEZ,SPDR EURO STOXX 50 ETF,US,USD,ETF,0.9977,0.0,0.0941,0.048600002999999996,0.13520001,0.1177,0.069,0.1573,0.0785,0.13270001,0.0082,0.1079,0.0507,0.0,0.0,0.0,0.0,0.0,0.0,0.0,0.0,0.0,0.0029,Equity
VGK,Vanguard FTSE Europe Index Fund ETF Shares,US,USD,ETF,0.958,0.0,0.0788,0.0317,0.109799996,0.13319999,0.0757,0.1899,0.12109999,0.1319,0.025799999,0.0637,0.0383,0.0,0.0,0.0,0.0,0.0,0.0,0.0,0.0,0.0,0.00090000004,Equity
VPL,Vanguard FTSE Pacific Index Fund ETF Shares,US,USD,ETF,0.9815,0.0,0.0857,0.038599997999999996,0.1419,0.0757,0.0211,0.1675,0.0704,0.1593,0.061,0.1542,0.024600001,0.0,0.0,0.0,0.0,0.0,0.0,0.0,0.0,0.0,0.00090000004,Equity
HEDJ,WisdomTree Europe Hedged Equity Fund,US,USD,ETF,0.96900004,0.031,0.091800004,0.0398,0.1377,0.2402,0.0109,0.1266,0.11470000400000001,0.162,0.0,0.0746,0.0015,0.0,0.0,0.0,0.0,0.0,0.0,0.0,0.0,0.0,0.0058,Multi-Asset
DFE,WisdomTree Europe SmallCap Dividend Fund,US,USD,ETF,0.9996,0.0,0.0665,0.0305,0.1906,0.100200005,0.011000000000000001,0.1363,0.0195,0.2595,0.0785,0.07719999599999999,0.030199998999999998,0.0,0.0,0.0,0.0,0.0,0.0,0.0,0.0,0.0,0.0058,Equity
AND,Global X FTSE Andean 40 ETF,US,USD,ETF,,,0.0,0.0,0.0,0.0,0.0,0.0,0.0,0.0,0.0,0.0,0.0,0.0,0.0,0.0,0.0,0.0,0.0,0.0,0.0,0.0,,Multi-Asset
GXF,Global X FTSE Nordic Region ETF,US,USD,ETF,0.9961,0.0,0.0,0.045100003,0.023699999,0.0577,0.0625,0.24360001,0.1903,0.2143,0.0,0.1248,0.0381,0.0,0.0,0.0,0.0,0.0,0.0,0.0,0.0,0.0,0.0058,Equity
EWA,iShares MSCI Australia ETF,US,USD,ETF,0.9892,0.0,0.1711,0.0127,0.0695,0.04,0.056700002,0.3762,0.091400005,0.059499998,0.0759,0.026400002000000002,0.0208,0.0,0.0,0.0,0.0,0.0,0.0,0.0,0.0,0.0,0.0047,Equity
EWC,iShares MSCI Canada ETF,US,USD,ETF,0.9956,0.0,0.092,0.033299997000000005,0.0395,0.0548,0.1996,0.3985,0.0123000005,0.0837,0.0075,0.0563,0.0227,0.0,0.0,0.0,0.0,0.0,0.0,0.0,0.0,0.0,0.0047,Equity
EWG,iShares MSCI Germany ETF,US,USD,ETF,0.9918,0.0,0.0964,0.056500003,0.18090001,0.0347,0.0,0.16239999,0.11310001,0.13149999,0.0431,0.1439,0.0376,0.0,0.0,0.0,0.0,0.0,0.0,0.0,0.0,0.0,0.0047,Equity
EIS,iShares MSCI Israel Capped ETF,US,USD,ETF,0.998,0.0,0.0345,0.0222,0.0069,0.0238,0.025,0.2847,0.0817,0.0664,0.1182,0.33110002,0.0057,0.0,0.0,0.0,0.0,0.0,0.0,0.0,0.0,0.0,0.0058999998,Equity
EWI,iShares MSCI Italy Capped ETF,US,USD,ETF,0.9931,0.0,0.0,0.033800002,0.1309,0.0238,0.1441,0.2746,0.0195,0.12100001,0.0,0.0176,0.2347,0.0,0.0,0.0,0.0,0.0,0.0,0.0,0.0,0.0,0.0047,Equity
EWJ,iShares MSCI Japan ETF,US,USD,ETF,0.98690003,0.0,0.064899996,0.066300005,0.16360001,0.0845,0.0171,0.108100004,0.0797,0.1934,0.046,0.1579,0.0184,0.0,0.0,0.0,0.0,0.0,0.0,0.0,0.0,0.0,0.0047,Equity
EWD,iShares MSCI Sweden ETF,US,USD,ETF,0.9415,0.0,0.0197,0.0659,0.0377,0.0847,0.0177,0.2745,0.0,0.36080003,0.0,0.139,0.0,0.0,0.0,0.0,0.0,0.0,0.0,0.0,0.0,0.0,0.0053,Equity
EWL,iShares MSCI Switzerland ETF,US,USD,ETF,0.98550004,0.0,0.0923,0.013200001000000001,0.053000003,0.24260001,0.0,0.1841,0.3096,0.085,0.008,0.0121,0.0,0.0,0.0,0.0,0.0,0.0,0.0,0.0,0.0,0.0,0.0047,Equity
EWP,iShares MSCI Spain Capped ETF,US,USD,ETF,0.9978,0.0,0.0,0.1019,0.0435,0.0,0.045900002,0.35740003,0.028099999,0.1372,0.0,0.0452,0.2408,0.0,0.0,0.0,0.0,0.0,0.0,0.0,0.0,0.0,0.0047,Equity
EWU,iShares MSCI United Kingdom ETF,US,USD,ETF,0.9835,0.0,0.0929,0.028900001,0.0986,0.18020001,0.1814,0.2002,0.0943,0.0713,0.010299999,0.0115,0.0304,0.0,0.0,0.0,0.0,0.0,0.0,0.0,0.0,0.0,0.0047,Equity
DXJ,WisdomTree Japan Hedged Equity Fund,US,USD,ETF,1.0,0.0,0.113900006,0.0097,0.2288,0.089700006,0.0028,0.1249,0.0844,0.20549999,0.0,0.1385,0.0017,0.0,0.0,0.0,0.0,0.0,0.0,0.0,0.0,0.0,0.0047999997999999995,Equity
NORW,Global X MSCI Norway ETF,US,USD,ETF,0.9996,0.0,0.0925,0.105900005,0.0239,0.1872,0.24600000000000002,0.23120001,0.0015,0.0623,0.015800001,0.026400002000000002,0.0073,0.0,0.0,0.0,0.0,0.0,0.0,0.0,0.0,0.0,0.005,Equity
EWZ,iShares MSCI Brazil Capped ETF,US,USD,ETF,0.99300003,0.0,0.14109999,0.023,0.0794,0.1158,0.1292,0.3735,0.0112,0.049000002,0.014400001,0.0064999997,0.056999996,0.0,0.0,0.0,0.0,0.0,0.0,0.0,0.0,0.0,0.0058999998,Equity
FXI,iShares China Large-Cap ETF,US,USD,ETF,0.9985,0.0,0.024500001,0.09819999,0.045500003,0.0,0.0947,0.4705,0.0,0.0372,0.0947,0.126,0.0086,0.0,0.0,0.0,0.0,0.0,0.0,0.0,0.0,0.0,0.0074,Equity
EWH,iShares MSCI Hong Kong ETF,US,USD,ETF,0.9958,0.0,0.0,0.0149,0.0928,0.0231,0.0,0.3614,0.0072000003,0.1505,0.2508,0.0062,0.0932,0.0,0.0,0.0,0.0,0.0,0.0,0.0,0.0,0.0,0.0047999997999999995,Equity
EWW,iShares MSCI Mexico Capped ETF,US,USD,ETF,0.9973,0.0,0.115,0.1543,0.0744,0.3045,0.0,0.16860001,0.0056,0.1005,0.0626,0.0,0.0145000005,0.0,0.0,0.0,0.0,0.0,0.0,0.0,0.0,0.0,0.0047,Equity
EPHE,iShares MSCI Philippines ETF,US,USD,ETF,0.9977,0.0,0.0069999998,0.0541,0.1509,0.0547,0.0087,0.1445,0.0,0.13239999,0.33900002,0.0022,0.1065,0.0,0.0,0.0,0.0,0.0,0.0,0.0,0.0,0.0,0.0058999998,Equity
RSX,VanEck Vectors Russia ETF,US,USD,ETF,0.9985,0.0,0.2138,0.0621,0.0105,0.0747,0.4234,0.1241,0.0,0.0,0.0,0.0679,0.0235,0.0,0.0,0.0,0.0,0.0,0.0,0.0,0.0,0.0,0.0064999997,Equity
EWS,iShares MSCI Singapore Capped ETF,US,USD,ETF,0.98870003,0.0,0.0,0.0484,0.0682,0.0471,0.0,0.4703,0.0,0.19049999,0.1524,0.0232,0.0,0.0,0.0,0.0,0.0,0.0,0.0,0.0,0.0,0.0,0.0047,Equity
EWM,iShares MSCI Malaysia ETF,US,USD,ETF,0.9935,0.0,0.0546,0.094399996,0.0934,0.1368,0.0387,0.3479,0.0251,0.08520000400000001,0.0125,0.0,0.1112,0.0,0.0,0.0,0.0,0.0,0.0,0.0,0.0,0.0,0.0047,Equity
EWY,iShares MSCI South Korea Capped ETF,US,USD,ETF,0.995,0.0,0.0804,0.010199999,0.12060001,0.0648,0.0196,0.13520001,0.0571,0.0929,0.0,0.4074,0.0117,0.0,0.0,0.0,0.0,0.0,0.0,0.0,0.0,0.0,0.0058999998,Equity
EWT,iShares MSCI Taiwan Capped ETF,US,USD,ETF,0.9957,0.0,0.1102,0.0509,0.0471,0.036199998,0.0088,0.2056,0.0022,0.0321,0.0056,0.50119996,0.0,0.0,0.0,0.0,0.0,0.0,0.0,0.0,0.0,0.0,0.0058999998,Equity
EPI,WisdomTree India Earnings Fund,US,USD,ETF,0.9995,0.0,0.1109,0.0068,0.0859,0.0431,0.198,0.24290001,0.0363,0.0506,0.0143,0.1657,0.0456,0.0,0.0,0.0,0.0,0.0,0.0,0.0,0.0,0.0,0.0084,Equity
ARGT,Global X MSCI Argentina ETF,US,USD,ETF,0.9964,0.0,0.0675,0.0401,0.289,0.0853,0.2019,0.1387,0.0,0.0154,0.0156,0.0722,0.0743,0.0,0.0,0.0,0.0,0.0,0.0,0.0,0.0,0.0,0.0058999998,Equity
BRAQ,Global X Brazil Consumer ETF,US,USD,ETF,,,0.0,0.0,0.0,0.0,0.0,0.0,0.0,0.0,0.0,0.0,0.0,0.0,0.0,0.0,0.0,0.0,0.0,0.0,0.0,0.0,,Multi-Asset
BRAZ,Global X Brazil Mid Cap ETF,US,USD,ETF,,,0.0,0.0,0.0,0.0,0.0,0.0,0.0,0.0,0.0,0.0,0.0,0.0,0.0,0.0,0.0,0.0,0.0,0.0,0.0,0.0,,Multi-Asset
GXG,Global X MSCI Colombia ETF,US,USD,ETF,0.97230005,0.0,0.11350001,0.0,0.0344,0.0435,0.1494,0.47700000000000004,0.0,0.0372,0.0,0.0,0.145,0.0,0.0,0.0,0.0,0.0,0.0,0.0,0.0,0.0,0.0061000003,Equity
XLY,Consumer Discretionary Select Sector SPDR Fund,US,USD,ETF,0.9983,0.0,0.0,0.0,0.94629997,0.0494,0.0,0.0,0.0,0.0,0.0,0.0043,0.0,0.0,0.0,0.0,0.0,0.0,0.0,0.0,0.0,0.0,0.0013,Equity
IYC,iShares U.S. Consumer Services ETF,US,USD,ETF,0.9976,0.0,0.0007,0.0849,0.72370005,0.1396,0.0,0.0,0.007099999599999999,0.041100002999999996,0.0,0.0029,0.0,0.0,0.0,0.0,0.0,0.0,0.0,0.0,0.0,0.0,0.0043,Equity
ITB,iShares U.S. Home Construction ETF,US,USD,ETF,0.9989,0.0,0.1634,0.0,0.79510003,0.0,0.0,0.0,0.0,0.0291,0.0,0.0124,0.0,0.0,0.0,0.0,0.0,0.0,0.0,0.0,0.0,0.0,0.0043,Equity
XHB,SPDR S&P Homebuilders ETF,US,USD,ETF,0.9969,0.0,0.1424,0.0,0.61939996,0.024400001,0.0,0.0,0.0,0.1875,0.0,0.026199998,0.0,0.0,0.0,0.0,0.0,0.0,0.0,0.0,0.0,0.0,0.0034999999,Equity
VCR,Vanguard Consumer Discretionary Index Fund ETF Shares,US,USD,ETF,0.9878,0.0,0.0013,0.0,0.9336,0.05,0.0,0.0,0.0,0.0056,0.0002,0.0093,0.0,0.0,0.0,0.0,0.0,0.0,0.0,0.0,0.0,0.0,0.001,Equity
XLP,Consumer Staples Select Sector SPDR Fund,US,USD,ETF,0.9988,0.0,0.0,0.0,0.0,1.0,0.0,0.0,0.0,0.0,0.0,0.0,0.0,0.0,0.0,0.0,0.0,0.0,0.0,0.0,0.0,0.0,0.0013,Equity
IYK,iShares U.S. Consumer Goods ETF,US,USD,ETF,0.9982,0.0,0.0,0.0,0.2458,0.7014,0.0,0.0023,0.0,0.013300001,0.0,0.0373,0.0,0.0,0.0,0.0,0.0,0.0,0.0,0.0,0.0,0.0,0.0043,Equity
VDC,Vanguard Consumer Staples Index Fund ETF Shares,US,USD,ETF,0.9947,0.0,0.002,0.0,0.006,0.9871,0.0,0.0,0.0,0.0028,0.0,0.0021,0.0,0.0,0.0,0.0,0.0,0.0,0.0,0.0,0.0,0.0,0.001,Equity
AMLP,Alerian MLP ETF,US,USD,ETF,0.9993,0.0,0.0,0.0,0.0,0.0,1.0,0.0,0.0,0.0,0.0,0.0,0.0,0.0,0.0,0.0,0.0,0.0,0.0,0.0,0.0,0.0,0.0085,Equity
XLE,Energy Select Sector SPDR Fund,US,USD,ETF,0.9990000000000001,0.0,0.0,0.0,0.0,0.0,1.0,0.0,0.0,0.0,0.0,0.0,0.0,0.0,0.0,0.0,0.0,0.0,0.0,0.0,0.0,0.0,0.0013,Equity
IYE,iShares U.S. Energy ETF,US,USD,ETF,0.9942,0.0,0.0005999999700000001,0.0,0.0,0.0,0.98910004,0.0,0.0,0.0,0.0,0.0034999999,0.0067000003,0.0,0.0,0.0,0.0,0.0,0.0,0.0,0.0,0.0,0.0043,Equity
IGE,iShares North American Natural Resources ETF,US,USD,ETF,0.99660003,0.0,0.1193,0.0,0.0654,0.0,0.8097,0.0,0.0,0.0056,0.0,0.0,0.0,0.0,0.0,0.0,0.0,0.0,0.0,0.0,0.0,0.0,0.0047,Equity
OIH,VanEck Vectors Oil Services ETF,US,USD,ETF,1.0,0.0,0.0088,0.0,0.0,0.0,0.99120003,0.0,0.0,0.0,0.0,0.0,0.0,0.0,0.0,0.0,0.0,0.0,0.0,0.0,0.0,0.0,0.0034999999,Equity
XOP,SPDR S&P Oil & Gas Exploration & Production ETF,US,USD,ETF,0.9994,0.0,0.0047,0.0,0.0,0.0,0.9953,0.0,0.0,0.0,0.0,0.0,0.0,0.0,0.0,0.0,0.0,0.0,0.0,0.0,0.0,0.0,0.0034999999,Equity
VDE,Vanguard Energy Index Fund ETF Shares,US,USD,ETF,0.9929,0.0,0.005,0.0,0.0,0.0,0.9911,0.0,0.0,0.0004,0.0034,0.0001,0.0,0.0,0.0,0.0,0.0,0.0,0.0,0.0,0.0,0.0,0.001,Equity
QCLN,First Trust NASDAQ Clean Edge Green Energy Index Fund,US,USD,ETF,0.9994,0.0,0.082600005,0.0,0.0721,0.0,0.006,0.0,0.0,0.078200005,0.0171,0.5514,0.1926,0.0,0.0,0.0,0.0,0.0,0.0,0.0,0.0,0.0,0.006,Equity
XLF,Financial Select Sector SPDR Fund,US,USD,ETF,0.9983,0.0,0.0,0.0,0.0,0.0,0.0,1.0,0.0,0.0,0.0,0.0,0.0,0.0,0.0,0.0,0.0,0.0,0.0,0.0,0.0,0.0,0.0013,Equity
IYF,iShares U.S. Financials ETF,US,USD,ETF,0.9982,0.0,0.0007,0.018000000000000002,0.0,0.0,0.0,0.77739996,0.0,0.0005,0.2033,0.0,0.0,0.0,0.0,0.0,0.0,0.0,0.0,0.0,0.0,0.0,0.0043,Equity
KBE,SPDR S&P Bank ETF,US,USD,ETF,0.9983,0.0,0.0,0.0,0.0,0.0,0.0,1.0,0.0,0.0,0.0,0.0,0.0,0.0,0.0,0.0,0.0,0.0,0.0,0.0,0.0,0.0,0.0034999999,Equity
KRE,SPDR S&P Regional Banking ETF,US,USD,ETF,0.9982,0.0,0.0,0.0,0.0,0.0,0.0,1.0,0.0,0.0,0.0,0.0,0.0,0.0,0.0,0.0,0.0,0.0,0.0,0.0,0.0,0.0,0.0034999999,Equity
VFH,Vanguard Financials Index Fund ETF Shares,US,USD,ETF,0.9990000000000001,0.0,0.0,0.0,0.0,0.0,0.0,0.9818,0.0,0.0007,0.0175,0.0,0.0,0.0,0.0,0.0,0.0,0.0,0.0,0.0,0.0,0.0,0.001,Equity
FXH,First Trust Health Care AlphaDEX Fund,US,USD,ETF,0.9975,0.0,0.0,0.0,0.0,0.0,0.0,0.0,0.9526,0.0,0.0,0.047399998,0.0,0.0,0.0,0.0,0.0,0.0,0.0,0.0,0.0,0.0,0.0063,Equity
FBT,First Trust NYSE Arca Biotechnology Index Fund,US,USD,ETF,0.9991,0.0,0.0,0.0,0.0,0.0,0.0,0.0,1.0,0.0,0.0,0.0,0.0,0.0,0.0,0.0,0.0,0.0,0.0,0.0,0.0,0.0,0.0057,Equity
XLV,Health Care Select Sector SPDR Fund,US,USD,ETF,0.9984,0.0,0.0,0.0,0.0,0.0,0.0,0.0,0.99300003,0.0,0.0,0.0069999998,0.0,0.0,0.0,0.0,0.0,0.0,0.0,0.0,0.0,0.0,0.0013,Equity
IYH,iShares U.S. Healthcare ETF,US,USD,ETF,0.9978,0.0,0.0,0.0,0.0,0.0,0.0,0.0,0.9971,0.0,0.0,0.0029,0.0,0.0,0.0,0.0,0.0,0.0,0.0,0.0,0.0,0.0,0.0043,Equity
IBB,iShares Nasdaq Biotechnology ETF,US,USD,ETF,0.9991,0.0,0.0005,0.0,0.0,0.0,0.0,0.0,0.9995,0.0,0.0,0.0,0.0,0.0,0.0,0.0,0.0,0.0,0.0,0.0,0.0,0.0,0.0047,Equity
PJP,Invesco Dynamic Pharmaceuticals ETF,US,USD,ETF,0.9996,0.0,0.0,0.0,0.0,0.0,0.0,0.0,1.0,0.0,0.0,0.0,0.0,0.0,0.0,0.0,0.0,0.0,0.0,0.0,0.0,0.0,0.0057,Equity
XBI,SPDR S&P Biotech ETF,US,USD,ETF,0.9996,0.0,0.0,0.0,0.0,0.0,0.0,0.0,1.0,0.0,0.0,0.0,0.0,0.0,0.0,0.0,0.0,0.0,0.0,0.0,0.0,0.0,0.0034999999,Equity
VHT,Vanguard Health Care Index Fund ETF Shares,US,USD,ETF,0.99660003,0.0,0.0,0.0,0.0,0.0,0.0,0.00029999999,0.98190004,0.0007,0.0,0.017,0.0,0.0,0.0,0.0,0.0,0.0,0.0,0.0,0.0,0.0,0.001,Equity
XLI,Industrial Select Sector SPDR Fund,US,USD,ETF,0.9983,0.0,0.0047999997999999995,0.0,0.0099,0.0,0.0,0.0,0.0,0.96459997,0.0,0.0208,0.0,0.0,0.0,0.0,0.0,0.0,0.0,0.0,0.0,0.0,0.0013,Equity
IYJ,iShares U.S. Industrials ETF,US,USD,ETF,0.9973,0.0,0.0294,0.0,0.0349,0.0,0.0004,0.048800003,0.0029,0.7693,0.0,0.114300005,0.0,0.0,0.0,0.0,0.0,0.0,0.0,0.0,0.0,0.0,0.0043,Equity
VIS,Vanguard Industrials Index Fund ETF Shares,US,USD,ETF,0.9981,0.0,0.0161,0.0,0.0194,0.0001,0.001,0.0,0.0,0.9236,0.006,0.0339,0.0,0.0,0.0,0.0,0.0,0.0,0.0,0.0,0.0,0.0,0.001,Equity
XLB,Materials Select Sector SPDR Fund,US,USD,ETF,0.99660003,0.0,0.8819,0.0,0.103199996,0.0,0.0,0.0,0.0,0.0149,0.0,0.0,0.0,0.0,0.0,0.0,0.0,0.0,0.0,0.0,0.0,0.0,0.0013,Equity
IYM,iShares U.S. Basic Materials ETF,US,USD,ETF,0.9974,0.0,0.981,0.0,0.0031,0.0,0.0066000004,0.0,0.0,0.0093,0.0,0.0,0.0,0.0,0.0,0.0,0.0,0.0,0.0,0.0,0.0,0.0,0.0043,Equity
GDX,VanEck Vectors Gold Miners ETF,US,USD,ETF,1.0,0.0,1.0,0.0,0.0,0.0,0.0,0.0,0.0,0.0,0.0,0.0,0.0,0.0,0.0,0.0,0.0,0.0,0.0,0.0,0.0,0.0,0.0053,Equity
GDXJ,VanEck Vectors Junior Gold Miners ETF,US,USD,ETF,1.0,0.0,1.0,0.0,0.0,0.0,0.0,0.0,0.0,0.0,0.0,0.0,0.0,0.0,0.0,0.0,0.0,0.0,0.0,0.0,0.0,0.0,0.0054,Equity
VAW,Vanguard Materials Index Fund ETF Shares,US,USD,ETF,0.9944,0.0,0.85019994,0.0,0.1273,0.0,0.004,0.0,0.0,0.0184,0.0,0.0,0.0,0.0,0.0,0.0,0.0,0.0,0.0,0.0,0.0,0.0,0.001,Equity
FDN,First Trust Dow Jones Internet Index Fund,US,USD,ETF,0.9989,0.0,0.0,0.0355,0.2384,0.0,0.0,0.105900005,0.0,0.0,0.0,0.6202,0.0,0.0,0.0,0.0,0.0,0.0,0.0,0.0,0.0,0.0,0.0052,Equity
XLK,Technology Select Sector SPDR Fund,US,USD,ETF,0.9984,0.0,0.0,0.0,0.0,0.0,0.0,0.1388,0.0,0.0496,0.0,0.8116,0.0,0.0,0.0,0.0,0.0,0.0,0.0,0.0,0.0,0.0,0.0013,Equity
IYW,iShares U.S. Technology ETF,US,USD,ETF,0.9984,0.0,0.001,0.0022,0.0072000003,0.0,0.0,0.0,0.0,0.0028,0.0013,0.98550004,0.0,0.0,0.0,0.0,0.0,0.0,0.0,0.0,0.0,0.0,0.0043,Equity
IGV,iShares Expanded Tech-Software Sector ETF,US,USD,ETF,0.9995,0.0,0.0,0.0022,0.0,0.0,0.0,0.0,0.0,0.0011999999,0.0,0.99660003,0.0,0.0,0.0,0.0,0.0,0.0,0.0,0.0,0.0,0.0,0.0047,Equity
VGT,Vanguard Information Technology Index Fund ETF Shares,US,USD,ETF,0.9936,0.0,0.00090000004,0.001,0.001,0.0,0.0,0.10529999400000001,0.0,0.056700002,0.0,0.83519995,0.0,0.0,0.0,0.0,0.0,0.0,0.0,0.0,0.0,0.0,0.001,Equity
IYZ,iShares U.S. Telecommunications ETF,US,USD,ETF,0.9985,0.0,0.0,0.42580003,0.0,0.0,0.0,0.0,0.0,0.0,0.0,0.5742,0.0,0.0,0.0,0.0,0.0,0.0,0.0,0.0,0.0,0.0,0.0043,Equity
VOX,Vanguard Communication Services Index Fund ETF Shares,US,USD,ETF,0.9926,0.0,0.0,0.2847,0.24299999,0.0,0.0,0.0,0.0,0.0004,0.005,0.4669,0.0,0.0,0.0,0.0,0.0,0.0,0.0,0.0,0.0,0.0,0.001,Equity
XLU,Utilities Select Sector SPDR Fund,US,USD,ETF,0.9992,0.0,0.0,0.0,0.0,0.0,0.0,0.0,0.0,0.0,0.0,0.0,1.0,0.0,0.0,0.0,0.0,0.0,0.0,0.0,0.0,0.0,0.0013,Equity
IDU,iShares U.S. Utilities ETF,US,USD,ETF,0.9949,0.0,0.0055,0.0,0.0,0.0,0.0052,0.0,0.0,0.0,0.0,0.0,0.9892,0.0,0.0,0.0,0.0,0.0,0.0,0.0,0.0,0.0,0.0043,Equity
VPU,Vanguard Utilities Index Fund ETF Shares,US,USD,ETF,0.9988,0.0,0.0053,0.0,0.0,0.0,0.0043,0.0,0.0,0.0,0.0,0.0,0.9904,0.0,0.0,0.0,0.0,0.0,0.0,0.0,0.0,0.0,0.001,Equity
RXI,iShares Global Consumer Discretionary ETF,US,USD,ETF,0.996,0.0,0.0,0.0,0.9143,0.036199998,0.0,0.0,0.0078,0.0027,0.0,0.039,0.0,0.0,0.0,0.0,0.0,0.0,0.0,0.0,0.0,0.0,0.0047,Equity
IPS,SPDR S&amp;P Intl Cnsmr Stapl Sect ETF,US,USD,ETF,,,0.0,0.0,0.0,0.0,0.0,0.0,0.0,0.0,0.0,0.0,0.0,0.0,0.0,0.0,0.0,0.0,0.0,0.0,0.0,0.0,,Multi-Asset
KXI,iShares Global Consumer Staples ETF,US,USD,ETF,0.9959,0.0,0.0,0.0,0.0098,0.9902,0.0,0.0,0.0,0.0,0.0,0.0,0.0,0.0,0.0,0.0,0.0,0.0,0.0,0.0,0.0,0.0,0.0047,Equity
IXC,iShares Global Energy ETF,US,USD,ETF,0.9913,0.0,0.0018000001,0.0,0.0,0.0,0.9903,0.0,0.0,0.0,0.0,0.0,0.007900001,0.0,0.0,0.0,0.0,0.0,0.0,0.0,0.0,0.0,0.0047,Equity
IXG,iShares Global Financials ETF,US,USD,ETF,0.99050003,0.0,0.0,0.0,0.0,0.0,0.0,1.0,0.0,0.0,0.0,0.0,0.0,0.0,0.0,0.0,0.0,0.0,0.0,0.0,0.0,0.0,0.0047,Equity
IXJ,iShares Global Healthcare ETF,US,USD,ETF,0.9947,0.0,0.0,0.0,0.0,0.0,0.0,0.0,0.9895,0.0,0.0,0.0105,0.0,0.0,0.0,0.0,0.0,0.0,0.0,0.0,0.0,0.0,0.0047,Equity
EXI,iShares Global Industrials ETF,US,USD,ETF,0.9938,0.0,0.0292,0.0,0.021300001000000002,0.0047999997999999995,0.0089,0.0054,0.0,0.90879995,0.0022,0.019299998999999998,0.0,0.0,0.0,0.0,0.0,0.0,0.0,0.0,0.0,0.0,0.0047,Equity
GUNR,FlexShares Morningstar Global Upstream Natural Resources Index Fund,US,USD,ETF,0.99160004,0.0,0.46310002,0.0,0.0,0.1721,0.2987,0.0,0.0,0.0086,0.0112,0.0,0.0463,0.0,0.0,0.0,0.0,0.0,0.0,0.0,0.0,0.0,0.0046,Equity
MXI,iShares Global Materials ETF,US,USD,ETF,0.9943,0.0,0.92050004,0.0,0.0614,0.0,0.0,0.0,0.0061000003,0.012,0.0,0.0,0.0,0.0,0.0,0.0,0.0,0.0,0.0,0.0,0.0,0.0,0.0047,Equity
IPK,SPDR S&amp;P International Tech Sect ETF,US,USD,ETF,,,0.0,0.0,0.0,0.0,0.0,0.0,0.0,0.0,0.0,0.0,0.0,0.0,0.0,0.0,0.0,0.0,0.0,0.0,0.0,0.0,,Multi-Asset
IXN,iShares Global Tech ETF,US,USD,ETF,0.9967,0.0,0.0,0.0,0.0,0.0,0.0,0.1094,0.0,0.0499,0.0,0.8407,0.0,0.0,0.0,0.0,0.0,0.0,0.0,0.0,0.0,0.0,0.0047,Equity
IST,SPDR S&amp;P International TelecomsSect ETF,US,USD,ETF,,,0.0,0.0,0.0,0.0,0.0,0.0,0.0,0.0,0.0,0.0,0.0,0.0,0.0,0.0,0.0,0.0,0.0,0.0,0.0,0.0,,Multi-Asset
IXP,iShares Global Comm Services ETF,US,USD,ETF,0.9971,0.0,0.0,0.4098,0.16549999,0.0,0.0,0.0,0.0,0.0,0.0,0.42470002,0.0,0.0,0.0,0.0,0.0,0.0,0.0,0.0,0.0,0.0,0.0047,Equity
JXI,iShares Global Utilities ETF,US,USD,ETF,0.9921,0.0,0.0,0.0,0.0,0.0,0.0,0.0,0.0,0.010299999,0.0,0.0,0.9897,0.0,0.0,0.0,0.0,0.0,0.0,0.0,0.0,0.0,0.0047,Equity
HYLD,High Yield ETF,US,USD,ETF,0.0,0.9854,0.0,0.0,0.0,0.0,0.0,0.0,0.0,0.0,0.0,0.0,0.0,0.0,0.0,0.0112,0.6761,0.1313,0.0066000004,0.1573,0.0175,0.0,0.0125,Fixed Income
TDTT,FlexShares iBoxx 3-Year Target Duration TIPS Index Fund,US,USD,ETF,0.0,0.9997,0.0,0.0,0.0,0.0,0.0,0.0,0.0,0.0,0.0,0.0,0.0,0.0,0.0,1.0,0.0,0.0,0.0,0.0,0.0,0.0,0.0018000001,Fixed Income
CSJ,iShares Short-Term Corporate Bond ETF,US,USD,ETF,,,0.0,0.0,0.0,0.0,0.0,0.0,0.0,0.0,0.0,0.0,0.0,0.0,0.0,0.0,0.0,0.0,0.0,0.0,0.0,0.0,,Multi-Asset
IEI,iShares 3-7 Year Treasury Bond ETF,US,USD,ETF,0.0,0.99050003,0.0,0.0,0.0,0.0,0.0,0.0,0.0,0.0,0.0,0.0,0.0,0.0,0.0,1.0,0.0,0.0,0.0,0.0,0.0,0.0,0.0015,Fixed Income
AGG,iShares Core U.S. Aggregate Bond ETF,US,USD,ETF,0.0,0.91870004,0.0,0.0,0.0,0.0,0.0,0.0,0.0,0.0,0.0,0.0,0.0,0.103599995,0.026600001,0.7302,0.0,0.0,0.1396,0.0,0.0,0.0,0.0005,Fixed Income
SHY,iShares 1-3 Year Treasury Bond ETF,US,USD,ETF,0.0,0.9976,0.0,0.0,0.0,0.0,0.0,0.0,0.0,0.0,0.0,0.0,0.0,0.0,0.0,1.0,0.0,0.0,0.0,0.0,0.0,0.0,0.0015,Fixed Income
TIP,iShares TIPS Bond ETF,US,USD,ETF,0.0,0.9987,0.0,0.0,0.0,0.0,0.0,0.0,0.0,0.0,0.0,0.0,0.0,0.0,0.0,1.0,0.0,0.0,0.0,0.0,0.0,0.0,0.0019,Fixed Income
HYG,iShares iBoxx $ High Yield Corporate Bond ETF,US,USD,ETF,0.0,0.9899,0.0,0.0,0.0,0.0,0.0,0.0,0.0,0.0,0.0,0.0,0.0,0.0,0.0,-0.0002,0.3705,0.5071,0.0143,0.1083,0.0,0.0,0.0049,Fixed Income
LQD,iShares iBoxx $ Investment Grade Corporate Bond ETF,US,USD,ETF,0.0,0.97129995,0.0,0.0,0.0,0.0,0.0,0.0,0.0,0.0,0.0,0.0,0.0,0.396,0.0758,0.026600001,0.0,0.002,0.4982,0.0,0.0014,0.0,0.0015,Fixed Income
IEF,iShares 7-10 Year Treasury Bond ETF,US,USD,ETF,0.0,0.9878,0.0,0.0,0.0,0.0,0.0,0.0,0.0,0.0,0.0,0.0,0.0,0.0,0.0,1.0,0.0,0.0,0.0,0.0,0.0,0.0,0.0015,Fixed Income
TLT,iShares 20+ Year Treasury Bond ETF,US,USD,ETF,0.0,0.9913,0.0,0.0,0.0,0.0,0.0,0.0,0.0,0.0,0.0,0.0,0.0,0.0,0.0,1.0,0.0,0.0,0.0,0.0,0.0,0.0,0.0015,Fixed Income
FLOT,iShares Floating Rate Bond ETF,US,USD,ETF,0.0,0.9204,0.0,0.0,0.0,0.0,0.0,0.0,0.0,0.0,0.0,0.0,0.0,0.45119998,0.22559999,0.14840001,0.0,0.0,0.174,0.0,0.0007,0.0,0.002,Fixed Income
CIU,iShares Intermediate-Term Corp Bd ETF,US,USD,ETF,,,0.0,0.0,0.0,0.0,0.0,0.0,0.0,0.0,0.0,0.0,0.0,0.0,0.0,0.0,0.0,0.0,0.0,0.0,0.0,0.0,,Multi-Asset
GVI,iShares Intermediate Government/Credit Bond ETF,US,USD,ETF,0.0,0.9901,0.0,0.0,0.0,0.0,0.0,0.0,0.0,0.0,0.0,0.0,0.0,0.13949999,0.039,0.65529996,0.0,0.0,0.16620001,0.0,0.0,0.0,0.002,Fixed Income
EMB,iShares J.P. Morgan USD Emerging Markets Bond ETF,US,USD,ETF,0.0,0.995,0.0,0.0,0.0,0.0,0.0,0.0,0.0,0.0,0.0,0.0,0.0,0.1041,0.0227,0.0046,0.2791,0.1904,0.3755,0.0175,0.006,0.0,0.0039,Fixed Income
MBB,iShares MBS ETF,US,USD,ETF,0.0,0.8713,0.0,0.0,0.0,0.0,0.0,0.0,0.0,0.0,0.0,0.0,0.0,0.0,0.0,1.0,0.0,0.0,0.0,0.0,0.0,0.0,0.00090000004,Fixed Income
MUB,iShares National Muni Bond ETF,US,USD,ETF,0.0,0.9835,0.0,0.0,0.0,0.0,0.0,0.0,0.0,0.0,0.0,0.0,0.0,0.1667,0.5524,0.2197,0.0,0.0,0.061100002,0.0,0.0001,0.0,0.0007,Fixed Income
SHV,iShares Short Treasury Bond ETF,US,USD,ETF,0.0,0.5096,0.0,0.0,0.0,0.0,0.0,0.0,0.0,0.0,0.0,0.0,0.0,0.0,0.0,1.0,0.0,0.0,0.0,0.0,0.0,0.0,0.0015,Fixed Income
HYD,VanEck Vectors High-Yield Municipal Index ETF,US,USD,ETF,0.0,0.9946,0.0,0.0,0.0,0.0,0.0,0.0,0.0,0.0,0.0,0.0,0.0,0.0016,0.0,0.0,0.1302,0.1724,0.3104,0.0587,0.3266,0.0,0.0034999999,Fixed Income
HYS,PIMCO 0-5 Year High Yield Corporate Bond Index Exchange-Traded Fund,US,USD,ETF,0.0023,0.7959,0.0,0.0,0.0,0.0,0.0,0.0,0.0,0.0,0.0,0.0,0.0,0.0,0.0,0.0,0.0,0.0,0.0,0.0,0.0,0.0,0.0056,Multi-Asset
STPZ,PIMCO 1-5 Year U.S. TIPS Index Exchange-Traded Fund,US,USD,ETF,0.0,0.9940000000000001,0.0,0.0,0.0,0.0,0.0,0.0,0.0,0.0,0.0,0.0,0.0,0.0,0.0,0.0,0.0,0.0,0.0,0.0,0.0,0.0,0.002,Fixed Income
MINT,PIMCO Enhanced Short Maturity Active Exchange-Traded Fund,US,USD,ETF,0.0,0.84050006,0.0,0.0,0.0,0.0,0.0,0.0,0.0,0.0,0.0,0.0,0.0,0.0,0.0,0.0,0.0,0.0,0.0,0.0,0.0,0.0,0.0042,Fixed Income
PCY,Invesco Emerging Markets Sovereign Debt ETF,US,USD,ETF,0.0,0.997,0.0,0.0,0.0,0.0,0.0,0.0,0.0,0.0,0.0,0.0,0.0,0.0723,0.034,0.4046,0.1249,0.1348,0.221,0.0,0.0085,0.0,0.005,Fixed Income
BKLN,Invesco Senior Loan ETF,US,USD,ETF,0.0,0.8796,0.0,0.0,0.0,0.0,0.0,0.0,0.0,0.0,0.0,0.0,0.0,0.0,0.0,0.0398,0.39799999999999996,0.2845,0.2123,0.0359,0.0295,0.0,0.0064999997,Fixed Income
SCHZ,Schwab U.S. Aggregate Bond ETF,US,USD,ETF,0.0,0.9668,0.0,0.0,0.0,0.0,0.0,0.0,0.0,0.0,0.0,0.0,0.0,0.1011,0.028099999,0.7378,0.0,0.0,0.133,0.0,0.0001,0.0,0.0004,Fixed Income
SCHP,Schwab U.S. TIPS ETF,US,USD,ETF,0.0,0.9999,0.0,0.0,0.0,0.0,0.0,0.0,0.0,0.0,0.0,0.0,0.0,0.0,0.0,1.0,0.0,0.0,0.0,0.0,0.0,0.0,0.0005,Fixed Income
SCHO,Schwab Short-Term U.S. Treasury ETF,US,USD,ETF,0.0,0.9975,0.0,0.0,0.0,0.0,0.0,0.0,0.0,0.0,0.0,0.0,0.0,0.0,0.0,1.0,0.0,0.0,0.0,0.0,0.0,0.0,0.0005999999700000001,Fixed Income
SCHR,Schwab Intermediate-Term U.S. Treasury ETF,US,USD,ETF,0.0,0.9961,0.0,0.0,0.0,0.0,0.0,0.0,0.0,0.0,0.0,0.0,0.0,0.0,0.0,1.0,0.0,0.0,0.0,0.0,0.0,0.0,0.0005999999700000001,Fixed Income
JNK,SPDR Bloomberg Barclays High Yield Bond ETF,US,USD,ETF,0.00029999999,0.99480003,0.0,0.1263,0.0,0.0,0.5261,0.0,0.34759998,0.0,0.0,0.0,0.0,0.0,0.0,0.0,0.39119998,0.4641,0.0023999998999999998,0.1417,0.0005,0.0,0.004,Multi-Asset
BIL,SPDR Bloomberg Barclays 1-3 Month T-Bill ETF,US,USD,ETF,0.0,0.0,0.0,0.0,0.0,0.0,0.0,0.0,0.0,0.0,0.0,0.0,0.0,0.0,0.0,1.0,0.0,0.0,0.0,0.0,0.0,0.0,0.0013590001,Fixed Income
CWB,SPDR Bloomberg Barclays Convertible Securities ETF,US,USD,ETF,0.104499996,0.0,0.0521,0.0,0.48599997,0.0,0.0,0.0,0.0,0.0759,0.0,0.0,0.38599998,0.0372,0.0,-0.0021,0.0,0.0,0.13939999,0.2209,0.6047,0.0,0.004,Equity
BWX,SPDR Bloomberg Barclays International Treasury Bond ETF,US,USD,ETF,0.0,0.9888,0.0,0.0,0.0,0.0,0.0,0.0,0.0,0.0,0.0,0.0,0.0,0.36650002,0.26459998,0.24139999,0.0,0.0,0.1275,0.0,0.0,0.0,0.0034999999,Fixed Income
TFI,SPDR Nuveen Bloomberg Barclays Municipal Bond ETF,US,USD,ETF,0.0,0.9986,0.0,0.0,0.0,0.0,0.0,0.0,0.0,0.0,0.0,0.0,0.0,0.0043,0.72830003,0.2673,0.0,0.0,0.0001,0.0,0.0,0.0,0.0023,Fixed Income
SHM,SPDR Nuveen Bloomberg Barclays Short Term Municipal Bond ETF,US,USD,ETF,0.0,0.9946,0.0,0.0,0.0,0.0,0.0,0.0,0.0,0.0,0.0,0.0,0.0,0.0005999999700000001,0.70309997,0.29610002,0.0,0.0,0.0001,0.0,0.0001,0.0,0.002,Fixed Income
EDV,Vanguard Extended Duration Treasury Index Fund ETF Shares,US,USD,ETF,0.0,0.9997,0.0,0.0,0.0,0.0,0.0,0.0,0.0,0.0,0.0,0.0,0.0,0.0,0.0,1.0,0.0,0.0,0.0,0.0,0.0,0.0,0.0007,Fixed Income
BIV,Vanguard Intermediate-Term Bond Index Fund ETF Shares,US,USD,ETF,0.0,0.9874,0.0,0.0,0.0,0.0,0.0,0.0,0.0,0.0,0.0,0.0,0.0,0.15890001,0.0306,0.5635,0.0,0.0,0.24700001,0.0,0.0,0.0,0.0007,Fixed Income
VCIT,Vanguard Intermediate-Term Corporate Bond Index Fund ETF Shares,US,USD,ETF,0.0,0.96620005,0.0,0.0,0.0,0.0,0.0,0.0,0.0,0.0,0.0,0.0,0.0,0.3669,0.0546,0.0011,0.0,0.0,0.5774,0.0,0.0,0.0,0.0007,Fixed Income
VGIT,Vanguard Intermediate-Term Treasury Index Fund ETF Shares,US,USD,ETF,0.0,0.9988,0.0,0.0,0.0,0.0,0.0,0.0,0.0,0.0,0.0,0.0,0.0,0.0,0.0,0.9988,0.0,0.0,0.0011999999,0.0,0.0,0.0,0.0007,Fixed Income
BLV,Vanguard Long-Term Bond Index Fund ETF Shares,US,USD,ETF,0.0,0.9975,0.0,0.0,0.0,0.0,0.0,0.0,0.0,0.0,0.0,0.0,0.0,0.1989,0.0622,0.4432,0.0,0.0,0.29569998,0.0,0.0,0.0,0.0007,Fixed Income
VCLT,Vanguard Long-Term Corporate Bond Index Fund ETF Shares,US,USD,ETF,0.0,0.9963,0.0,0.0,0.0,0.0,0.0,0.0,0.0,0.0,0.0,0.0,0.0,0.35689998,0.0766,0.0325,0.0,0.0,0.53400004,0.0,0.0,0.0,0.0007,Fixed Income
VGLT,Vanguard Long-Term Treasury Index Fund ETF Shares,US,USD,ETF,0.0,0.9992,0.0,0.0,0.0,0.0,0.0,0.0,0.0,0.0,0.0,0.0,0.0,0.0,0.0,0.9992,0.0,0.0,0.0008,0.0,0.0,0.0,0.0007,Fixed Income
VMBS,Vanguard Mortgage-Backed Securities Index Fund ETF Shares,US,USD,ETF,0.0,0.9593,0.0,0.0,0.0,0.0,0.0,0.0,0.0,0.0,0.0,0.0,0.0,0.0,0.0,1.0,0.0,0.0,0.0,0.0,0.0,0.0,0.0007,Fixed Income
BSV,Vanguard Short-Term Bond Index Fund ETF Shares,US,USD,ETF,0.0,0.99160004,0.0,0.0,0.0,0.0,0.0,0.0,0.0,0.0,0.0,0.0,0.0,0.1141,0.047399998,0.7041,0.0,0.0,0.1344,0.0,0.0,0.0,0.0007,Fixed Income
VCSH,Vanguard Short-Term Corporate Bond Index Fund ETF Shares,US,USD,ETF,0.0,0.9856,0.0,0.0,0.0,0.0,0.0,0.0,0.0,0.0,0.0,0.0,0.0,0.4023,0.1284,0.014099998999999998,0.0,0.0,0.45520002,0.0,0.0,0.0,0.0007,Fixed Income
VGSH,Vanguard Short-Term Treasury Index Fund ETF Shares,US,USD,ETF,0.0,0.9946,0.0,0.0,0.0,0.0,0.0,0.0,0.0,0.0,0.0,0.0,0.0,0.0,0.0,0.9946,0.0,0.0,0.0054,0.0,0.0,0.0,0.0007,Fixed Income
BND,Vanguard Total Bond Market Index Fund ETF Shares,US,USD,ETF,0.0,0.9807,0.0,0.0,0.0,0.0,0.0,0.0,0.0,0.0,0.0,0.0,0.0,0.108500004,0.0358,0.6812,0.0,0.0,0.1745,0.0,0.0,0.0,0.00035,Fixed Income
RJI,ELEMENTS Linked to the Rogers International Commodity Index - Total Return,US,USD,ETF,0.0,0.0,0.0,0.0,0.0,0.0,0.0,0.0,0.0,0.0,0.0,0.0,0.0,0.0,0.0,0.0,0.0,0.0,0.0,0.0,0.0,0.0,0.0075,Fixed Income
DJP,iPath Bloomberg Commodity Index Total Return(SM) ETN,US,USD,ETF,0.0,0.0,0.0,0.0,0.0,0.0,0.0,0.0,0.0,0.0,0.0,0.0,0.0,0.0,0.0,0.0,0.0,0.0,0.0,0.0,0.0,0.0,0.0069999998,Fixed Income
GSG,iShares S&P GSCI Commodity-Indexed Trust,US,USD,ETF,0.0,0.2039,0.0,0.0,0.0,0.0,0.0,0.0,0.0,0.0,0.0,0.0,0.0,0.0,0.0,0.0,0.0,0.0,0.0,0.0,0.0,0.0,0.0075,Fixed Income
DBC,Invesco DB Commodity Index Tracking Fund,US,USD,ETF,0.0,0.195,0.0,0.0,0.0,0.0,0.0,0.0,0.0,0.0,0.0,0.0,0.0,0.0,0.0,0.0,0.0,0.0,0.0,0.0,0.0,0.0,0.0085,Fixed Income
RJA,ELEMENTS Linked to the Rogers International Commodity Index - Agriculture Total Return,US,USD,ETF,0.0,0.0,0.0,0.0,0.0,0.0,0.0,0.0,0.0,0.0,0.0,0.0,0.0,0.0,0.0,0.0,0.0,0.0,0.0,0.0,0.0,0.0,0.0075,Fixed Income
JJA,iPath Series B Bloomberg Agriculture Subindex Total Return ETN,US,USD,ETF,0.0,0.0,0.0,0.0,0.0,0.0,0.0,0.0,0.0,0.0,0.0,0.0,0.0,0.0,0.0,0.0,0.0,0.0,0.0,0.0,0.0,0.0,0.0045,Fixed Income
DBA,Invesco DB Agriculture Fund,US,USD,ETF,0.0,0.060599997999999995,0.0,0.0,0.0,0.0,0.0,0.0,0.0,0.0,0.0,0.0,0.0,0.0,0.0,0.0,0.0,0.0,0.0,0.0,0.0,0.0,0.0085,Fixed Income
RJN,ELEMENTS Linked to the Rogers International Commodity Index - Energy Total Return,US,USD,ETF,0.0,0.0,0.0,0.0,0.0,0.0,0.0,0.0,0.0,0.0,0.0,0.0,0.0,0.0,0.0,0.0,0.0,0.0,0.0,0.0,0.0,0.0,0.0075,Fixed Income
OIL,iPath Series B S&P GSCI Crude Oil Total Return Index ETN,US,USD,ETF,0.0,0.0,0.0,0.0,0.0,0.0,0.0,0.0,0.0,0.0,0.0,0.0,0.0,0.0,0.0,0.0,0.0,0.0,0.0,0.0,0.0,0.0,0.0075,Fixed Income
GAZ,iPath Series B Bloomberg Natural Gas Subindex Total ReturnSM ETN,US,USD,ETF,0.0,0.0,0.0,0.0,0.0,0.0,0.0,0.0,0.0,0.0,0.0,0.0,0.0,0.0,0.0,0.0,0.0,0.0,0.0,0.0,0.0,0.0,0.0045,Fixed Income
UNG,"United States Natural Gas Fund, LP",US,USD,ETF,0.0,0.2147,0.0,0.0,0.0,0.0,0.0,0.0,0.0,0.0,0.0,0.0,0.0,0.0,0.0,0.0,0.0,0.0,0.0,0.0,0.0,0.0,0.0128,Fixed Income
USO,"United States Oil Fund, LP",US,USD,ETF,0.0,0.2184,0.0,0.0,0.0,0.0,0.0,0.0,0.0,0.0,0.0,0.0,0.0,0.0,0.0,0.0,0.0,0.0,0.0,0.0,0.0,0.0,0.0073,Fixed Income
RJZ,ELEMENTS Linked to the Rogers International Commodity Index - Metals Total Return,US,USD,ETF,0.0,0.0,0.0,0.0,0.0,0.0,0.0,0.0,0.0,0.0,0.0,0.0,0.0,0.0,0.0,0.0,0.0,0.0,0.0,0.0,0.0,0.0,0.0075,Fixed Income
JJM,iPath Series B Bloomberg Industrial Metals Subindex Total Return ETN,US,USD,ETF,0.0,0.0,0.0,0.0,0.0,0.0,0.0,0.0,0.0,0.0,0.0,0.0,0.0,0.0,0.0,0.0,0.0,0.0,0.0,0.0,0.0,0.0,0.0045,Fixed Income
JJC,iPath Series B Bloomberg Copper Subindex Total Return ETN,US,USD,ETF,0.0,0.0,0.0,0.0,0.0,0.0,0.0,0.0,0.0,0.0,0.0,0.0,0.0,0.0,0.0,0.0,0.0,0.0,0.0,0.0,0.0,0.0,0.0045,Fixed Income
DBB,Invesco DB Base Metals Fund,US,USD,ETF,0.0,0.1521,0.0,0.0,0.0,0.0,0.0,0.0,0.0,0.0,0.0,0.0,0.0,0.0,0.0,0.0,0.0,0.0,0.0,0.0,0.0,0.0,0.0075,Fixed Income
SGOL,Aberdeen Standard Physical Swiss Gold Shares ETF,US,USD,ETF,0.0,0.0,0.0,0.0,0.0,0.0,0.0,0.0,0.0,0.0,0.0,0.0,0.0,0.0,0.0,0.0,0.0,0.0,0.0,0.0,0.0,0.0,0.0017,Fixed Income
IAU,iShares Gold Trust,US,USD,ETF,0.0,0.0,0.0,0.0,0.0,0.0,0.0,0.0,0.0,0.0,0.0,0.0,0.0,0.0,0.0,0.0,0.0,0.0,0.0,0.0,0.0,0.0,0.0025,Fixed Income
GLD,SPDR Gold Shares,US,USD,ETF,0.0,0.0,0.0,0.0,0.0,0.0,0.0,0.0,0.0,0.0,0.0,0.0,0.0,0.0,0.0,0.0,0.0,0.0,0.0,0.0,0.0,0.0,0.004,Fixed Income
SIVR,Aberdeen Standard Physical Silver Shares ETF,US,USD,ETF,0.0,0.0,0.0,0.0,0.0,0.0,0.0,0.0,0.0,0.0,0.0,0.0,0.0,0.0,0.0,0.0,0.0,0.0,0.0,0.0,0.0,0.0,0.003,Fixed Income
SLV,iShares Silver Trust,US,USD,ETF,0.0,0.0,0.0,0.0,0.0,0.0,0.0,0.0,0.0,0.0,0.0,0.0,0.0,0.0,0.0,0.0,0.0,0.0,0.0,0.0,0.0,0.0,0.005,Fixed Income
PALL,Aberdeen Standard Physical Palladium Shares ETF,US,USD,ETF,0.0,0.0,0.0,0.0,0.0,0.0,0.0,0.0,0.0,0.0,0.0,0.0,0.0,0.0,0.0,0.0,0.0,0.0,0.0,0.0,0.0,0.0,0.006,Fixed Income
PPLT,Aberdeen Standard Physical Platinum Shares ETF,US,USD,ETF,0.0,0.0,0.0,0.0,0.0,0.0,0.0,0.0,0.0,0.0,0.0,0.0,0.0,0.0,0.0,0.0,0.0,0.0,0.0,0.0,0.0,0.0,0.006,Fixed Income
ICF,iShares Cohen & Steers REIT ETF,US,USD,ETF,0.9967,0.0,0.0,0.086899996,0.0,0.0,0.0,0.0,0.0,0.0,0.9131,0.0,0.0,0.0,0.0,0.0,0.0,0.0,0.0,0.0,0.0,0.0,0.0034,Equity
IFAS,iShares Asia Developed Real Estate,US,USD,ETF,,,0.0,0.0,0.0,0.0,0.0,0.0,0.0,0.0,0.0,0.0,0.0,0.0,0.0,0.0,0.0,0.0,0.0,0.0,0.0,0.0,,Multi-Asset
IFEU,iShares Europe Developed Real Estate ETF,US,USD,ETF,0.9388,0.0,0.0,0.0,0.005,0.0,0.0,0.0078,0.0,0.003,0.9843,0.0,0.0,0.0,0.0,0.0,0.0,0.0,0.0,0.0,0.0,0.0,0.0047999997999999995,Equity
IYR,iShares U.S. Real Estate ETF,US,USD,ETF,0.9972,0.0,0.0032,0.08109999400000001,0.0,0.0,0.0,0.0,0.0,0.0,0.9156,0.0,0.0,0.0,0.0,0.0,0.0,0.0,0.0,0.0,0.0,0.0,0.0043,Equity
REM,iShares Mortgage Real Estate Capped ETF,US,USD,ETF,0.9972,0.0,0.0,0.0,0.0,0.0,0.0,0.0037,0.0,0.0,0.9963,0.0,0.0,0.0,0.0,0.0,0.0,0.0,0.0,0.0,0.0,0.0,0.0047999997999999995,Equity
SCHH,Schwab U.S. REIT ETF,US,USD,ETF,1.0,0.0,0.0,0.0,0.0,0.0,0.0,0.0,0.0,0.0,1.0,0.0,0.0,0.0,0.0,0.0,0.0,0.0,0.0,0.0,0.0,0.0,0.0007,Equity
RWO,SPDR Dow Jones Global Real Estate ETF,US,USD,ETF,0.9953,0.0,0.0,0.0,0.0,0.0,0.0,0.0,0.0,0.0,1.0,0.0,0.0,0.0,0.0,0.0,0.0,0.0,0.0,0.0,0.0,0.0,0.005,Equity
RWX,SPDR Dow Jones International Real Estate ETF,US,USD,ETF,0.9874,0.0,0.0,0.0,0.0,0.0,0.0,0.0,0.0,0.0,1.0,0.0,0.0,0.0,0.0,0.0,0.0,0.0,0.0,0.0,0.0,0.0,0.0058999998,Equity
RWR,SPDR Dow Jones REIT ETF,US,USD,ETF,0.9982,0.0,0.0,0.0,0.0,0.0,0.0,0.0,0.0,0.0,1.0,0.0,0.0,0.0,0.0,0.0,0.0,0.0,0.0,0.0,0.0,0.0,0.0025,Equity
WREI,Invesco Wilshire US REIT ETF,US,USD,ETF,0.9995,0.0,0.0,0.0,0.0,0.0,0.0,0.0,0.0,0.0,1.0,0.0,0.0,0.0,0.0,0.0,0.0,0.0,0.0,0.0,0.0,0.0,0.0032,Equity
VNQ,Vanguard Real Estate Index Fund ETF Shares,US,USD,ETF,0.9872,0.0,0.0211,0.0953,0.0,0.0,0.0,0.0,0.0,0.0005,0.8831,0.0,0.0,0.0,0.0,0.0,0.0,0.0,0.0,0.0,0.0,0.0,0.0011999999,Equity
VNQI,Vanguard Global ex-U.S. Real Estate Index Fund ETF Shares,US,USD,ETF,0.95849997,0.0,0.0001,0.0002,0.002,0.0,0.0,0.0008,0.0,0.0008,0.9961,0.0,0.0,0.0,0.0,0.0,0.0,0.0,0.0,0.0,0.0,0.0,0.0011999999,Equity
HDGE,AdvisorShares Ranger Equity Bear ETF,US,USD,ETF,0.0,0.3694,0.0,0.0,0.0,0.0,0.0,0.0,0.0,0.0,0.0,0.0,0.0,0.0,0.0,0.0,0.0,0.0,0.0,0.0,0.0,0.0,0.0272,Fixed Income
DOG,ProShares Short Dow30,US,USD,ETF,0.0,0.0838,0.0,0.0,0.0,0.0,0.0,0.0,0.0,0.0,0.0,0.0,0.0,0.0,0.0,0.0,0.0,0.0,0.0,0.0,0.0,0.0,0.0095,Fixed Income
SH,ProShares Short S&P500,US,USD,ETF,0.0,0.0892,0.0,0.0,0.0,0.0,0.0,0.0,0.0,0.0,0.0,0.0,0.0,0.0,0.0,0.0,0.0,0.0,0.0,0.0,0.0,0.0,0.0089,Fixed Income
MYY,ProShares Short MidCap400,US,USD,ETF,0.0,0.0,0.0,0.0,0.0,0.0,0.0,0.0,0.0,0.0,0.0,0.0,0.0,0.0,0.0,0.0,0.0,0.0,0.0,0.0,0.0,0.0,0.0095,Fixed Income
SBB,ProShares Short SmallCap600,US,USD,ETF,0.0,0.0,0.0,0.0,0.0,0.0,0.0,0.0,0.0,0.0,0.0,0.0,0.0,0.0,0.0,0.0,0.0,0.0,0.0,0.0,0.0,0.0,0.0095,Fixed Income
PSQ,ProShares Short QQQ,US,USD,ETF,0.0,0.079,0.0,0.0,0.0,0.0,0.0,0.0,0.0,0.0,0.0,0.0,0.0,0.0,0.0,0.0,0.0,0.0,0.0,0.0,0.0,0.0,0.0095,Fixed Income
RWM,ProShares Short Russell2000,US,USD,ETF,0.0,0.085,0.0,0.0,0.0,0.0,0.0,0.0,0.0,0.0,0.0,0.0,0.0,0.0,0.0,0.0,0.0,0.0,0.0,0.0,0.0,0.0,0.0095,Fixed Income
EFZ,ProShares Short MSCI EAFE,US,USD,ETF,0.0,0.0225,0.0,0.0,0.0,0.0,0.0,0.0,0.0,0.0,0.0,0.0,0.0,0.0,0.0,0.0,0.0,0.0,0.0,0.0,0.0,0.0,0.0095,Fixed Income
MIDU,Direxion Daily Mid Cap Bull 3X Shares,US,USD,ETF,0.6405,0.0,0.0581,0.006,0.1447,0.0345,0.0414,0.16780001,0.0833,0.1582,0.096099995,0.17040001,0.0395,0.0,0.0,0.0,0.0,0.0,0.0,0.0,0.0,0.0,0.0106,Equity
SPXL,Direxion Daily S&P500 Bull 3X Shares,US,USD,ETF,0.76769996,0.0,0.0249,0.0347,0.1223,0.0764,0.052199997000000005,0.1604,0.1355,0.1018,0.024300002,0.235,0.0324,0.0,0.0,0.0,0.0,0.0,0.0,0.0,0.0,0.0,0.010199999,Equity
ERX,Direxion Daily Energy Bull 3X Shares,US,USD,ETF,0.7996,0.0,0.0,0.0,0.0,0.0,1.0,0.0,0.0,0.0,0.0,0.0,0.0,0.0,0.0,0.0,0.0,0.0,0.0,0.0,0.0,0.0,0.0109,Equity
FAS,Direxion Daily Financial Bull 3X Shares,US,USD,ETF,0.75699997,0.0,0.0043,0.019199999,0.0007,0.0,0.0,0.76629996,0.0,0.0429,0.16139999,0.0052,0.0,0.0,0.0,0.0,0.0,0.0,0.0,0.0,0.0,0.0,0.01,Equity
TNA,Direxion Daily Small Cap Bull 3X Shares,US,USD,ETF,0.6225,0.0,0.051799998,0.0134000005,0.1288,0.0353,0.0292,0.16620001,0.1361,0.1432,0.0862,0.1731,0.0368,0.0,0.0,0.0,0.0,0.0,0.0,0.0,0.0,0.0,0.0114,Equity
DDM,ProShares Ultra Dow30,US,USD,ETF,0.4051,0.0,0.0128999995,0.0148,0.16299999,0.0825,0.0505,0.19379999,0.1342,0.2052,0.0,0.14300000000000002,0.0,0.0,0.0,0.0,0.0,0.0,0.0,0.0,0.0,0.0,0.0095,Equity
QLD,ProShares Ultra QQQ,US,USD,ETF,0.9447,0.0,0.0,0.0,0.0,0.0,0.0,0.0,0.0,0.0,0.0,0.0,0.0,0.0,0.0,0.0,0.0,0.0,0.0,0.0,0.0,0.0,0.0095,Equity
UWM,ProShares Ultra Russell2000,US,USD,ETF,0.9103,0.0,0.0,0.0,0.0,0.0,0.0,0.0,0.0,0.0,0.0,0.0,0.0,0.0,0.0,0.0,0.0,0.0,0.0,0.0,0.0,0.0,0.0095,Equity
SSO,ProShares Ultra S&P500,US,USD,ETF,0.8828,0.0,0.0,0.0,0.0,0.0,0.0,0.0,0.0,0.0,0.0,0.0,0.0,0.0,0.0,0.0,0.0,0.0,0.0,0.0,0.0,0.0,0.009000000000000001,Equity
UPRO,ProShares UltraPro S&P500,US,USD,ETF,0.9259,0.0,0.0,0.0,0.0,0.0,0.0,0.0,0.0,0.0,0.0,0.0,0.0,0.0,0.0,0.0,0.0,0.0,0.0,0.0,0.0,0.0,0.0092,Equity
SDS,ProShares UltraShort S&P500,US,USD,ETF,0.0,0.0651,0.0,0.0,0.0,0.0,0.0,0.0,0.0,0.0,0.0,0.0,0.0,0.0,0.0,0.0,0.0,0.0,0.0,0.0,0.0,0.0,0.009000000000000001,Fixed Income
SPXU,ProShares UltraPro Short S&P500,US,USD,ETF,0.0,0.0546,0.0,0.0,0.0,0.0,0.0,0.0,0.0,0.0,0.0,0.0,0.0,0.0,0.0,0.0,0.0,0.0,0.0,0.0,0.0,0.0,0.0091,Fixed Income
TZA,Direxion Daily Small Cap Bear 3X Shares,US,USD,ETF,0.0,0.0,0.0,0.0,0.0,0.0,0.0,0.0,0.0,0.0,0.0,0.0,0.0,0.0,0.0,0.0,0.0,0.0,0.0,0.0,0.0,0.0,0.0111,Fixed Income
QID,ProShares UltraShort QQQ,US,USD,ETF,0.0,0.080699995,0.0,0.0,0.0,0.0,0.0,0.0,0.0,0.0,0.0,0.0,0.0,0.0,0.0,0.0,0.0,0.0,0.0,0.0,0.0,0.0,0.0095,Fixed Income
SKF,ProShares UltraShort Financials,US,USD,ETF,0.0,0.0214,0.0,0.0,0.0,0.0,0.0,0.0,0.0,0.0,0.0,0.0,0.0,0.0,0.0,0.0,0.0,0.0,0.0,0.0,0.0,0.0,0.0095,Fixed Income
TWM,ProShares UltraShort Russell2000,US,USD,ETF,0.0,0.0176,0.0,0.0,0.0,0.0,0.0,0.0,0.0,0.0,0.0,0.0,0.0,0.0,0.0,0.0,0.0,0.0,0.0,0.0,0.0,0.0,0.0095,Fixed Income
DXD,ProShares UltraShort Dow30,US,USD,ETF,0.0,0.0735,0.0,0.0,0.0,0.0,0.0,0.0,0.0,0.0,0.0,0.0,0.0,0.0,0.0,0.0,0.0,0.0,0.0,0.0,0.0,0.0,0.0095,Fixed Income
SRS,ProShares UltraShort Real Estate,US,USD,ETF,0.0,0.0233,0.0,0.0,0.0,0.0,0.0,0.0,0.0,0.0,0.0,0.0,0.0,0.0,0.0,0.0,0.0,0.0,0.0,0.0,0.0,0.0,0.0095,Fixed Income
MZZ,ProShares UltraShort MidCap400,US,USD,ETF,0.0,0.0,0.0,0.0,0.0,0.0,0.0,0.0,0.0,0.0,0.0,0.0,0.0,0.0,0.0,0.0,0.0,0.0,0.0,0.0,0.0,0.0,0.0095,Fixed Income
DUG,ProShares UltraShort Oil & Gas,US,USD,ETF,0.0,0.012200001,0.0,0.0,0.0,0.0,0.0,0.0,0.0,0.0,0.0,0.0,0.0,0.0,0.0,0.0,0.0,0.0,0.0,0.0,0.0,0.0,0.0095,Fixed Income
ERY,Direxion Daily Energy Bear 3X Shares,US,USD,ETF,0.0,0.0,0.0,0.0,0.0,0.0,0.0,0.0,0.0,0.0,0.0,0.0,0.0,0.0,0.0,0.0,0.0,0.0,0.0,0.0,0.0,0.0,0.0109,Fixed Income
FAZ,Direxion Daily Financial Bear 3X Shares,US,USD,ETF,0.0,0.0,0.0,0.0,0.0,0.0,0.0,0.0,0.0,0.0,0.0,0.0,0.0,0.0,0.0,0.0,0.0,0.0,0.0,0.0,0.0,0.0,0.0107,Fixed Income
AADR,AdvisorShares Dorsey Wright ADR ETF,US,USD,ETF,0.9934,0.0,0.1444,0.0,0.0943,0.1197,0.0339,0.0,0.1912,0.1456,0.0,0.1975,0.0733,0.0,0.0,0.0,0.0,0.0,0.0,0.0,0.0,0.0,0.0088,Equity
FWDB,AdvisorShares FolioBeyond Smart Core Bond ETF,US,USD,ETF,0.0001,0.9657,0.0,0.129,0.5403,0.0,0.22700001,0.0,0.0,0.1037,0.0,0.0,0.0,0.0091,0.0,0.14649999,0.24049999,0.26549998,0.121800005,0.1101,0.10640000599999999,0.0,0.014099998999999998,Multi-Asset
FWDD,AdvisorShares Madrona Domestic ETF,US,USD,ETF,0.9707,0.0293,0.0306,0.0054,0.19530001,0.0182,0.1047,0.2675,0.0841,0.1565,0.0037,0.1288,0.0052,0.0,0.0,0.0,0.0,0.0,0.0,0.0,0.0,0.0,0.0125,Multi-Asset
FWDI,AdvisorShares Madrona International ETF,US,USD,ETF,0.98120004,0.0188,0.15100001,0.0167,0.18360001,0.0399,0.15630001,0.0726,0.078600004,0.0252,0.0,0.24139999,0.0347,0.0,0.0,0.0,0.0,0.0,0.0,0.0,0.0,0.0,0.0125,Multi-Asset
GTAA,AdvisorShares Morg Crk Glbl Tacticl ETF,US,USD,ETF,,,0.0,0.0,0.0,0.0,0.0,0.0,0.0,0.0,0.0,0.0,0.0,0.0,0.0,0.0,0.0,0.0,0.0,0.0,0.0,0.0,,Multi-Asset
MATH,AdvisorShares Meidell Tacticl Advtge ETF,US,USD,ETF,,,0.0,0.0,0.0,0.0,0.0,0.0,0.0,0.0,0.0,0.0,0.0,0.0,0.0,0.0,0.0,0.0,0.0,0.0,0.0,0.0,,Multi-Asset
TTFS,AdvisorShares Wilshire Buyback ETF,US,USD,ETF,,,0.0,0.0,0.0,0.0,0.0,0.0,0.0,0.0,0.0,0.0,0.0,0.0,0.0,0.0,0.0,0.0,0.0,0.0,0.0,0.0,,Multi-Asset
GVT,Columbia Select Large Cap Value ETF,US,USD,ETF,,,0.0,0.0,0.0,0.0,0.0,0.0,0.0,0.0,0.0,0.0,0.0,0.0,0.0,0.0,0.0,0.0,0.0,0.0,0.0,0.0,,Multi-Asset
GSY,Invesco Ultra Short Duration ETF,US,USD,ETF,0.0,0.72019994,0.0,0.0,0.0,0.0,0.0,0.0,0.0,0.0,0.0,0.0,0.0,0.0,0.0,0.0,0.0,0.0,0.0,0.0,0.0,0.0,0.0025,Fixed Income
MUNI,PIMCO Intermediate Municipal Bond Active Exchange-Traded Fund,US,USD,ETF,0.0,0.9329999999999999,0.0,0.0,0.0,0.0,0.0,0.0,0.0,0.0,0.0,0.0,0.0,0.0,0.0,0.0,0.0,0.0,0.0,0.0,0.0,0.0,0.0034999999,Fixed Income
SMMU,PIMCO Short Term Municipal Bond Active Exchange-Traded Fund,US,USD,ETF,0.0,0.89989996,0.0,0.0,0.0,0.0,0.0,0.0,0.0,0.0,0.0,0.0,0.0,0.0,0.0,0.0,0.0,0.0,0.0,0.0,0.0,0.0,0.0034999999,Fixed Income
PSR,Invesco Active U.S. Real Estate Fund,US,USD,ETF,0.9999,0.0,0.0064,0.07809999599999999,0.0,0.0,0.0,0.0,0.0,0.0,0.91550004,0.0,0.0,0.0,0.0,0.0,0.0,0.0,0.0,0.0,0.0,0.0,0.0034999999,Equity
ALD,WisdomTree Asia Local Debt Fund,US,USD,ETF,0.0,0.84370005,0.0,0.0,0.0,0.0,0.0,0.0,0.0,0.0,0.0,0.0,0.0,0.22790001,0.23110001,0.1943,0.0,0.0,0.2673,0.0,0.0794,0.0,0.0055,Fixed Income
AUNZ,WisdomTree Australia &amp; NZL Dbt ETF,US,USD,ETF,,,0.0,0.0,0.0,0.0,0.0,0.0,0.0,0.0,0.0,0.0,0.0,0.0,0.0,0.0,0.0,0.0,0.0,0.0,0.0,0.0,,Multi-Asset
BZF,WisdomTree Brazilian Real Strategy Fund,US,USD,ETF,0.0,0.0365,0.0,0.0,0.0,0.0,0.0,0.0,0.0,0.0,0.0,0.0,0.0,0.0,0.0,1.0,0.0,0.0,0.0,0.0,0.0,0.0,0.0045,Fixed Income
CCX,WisdomTree Commodity Currency Strat ETF,US,USD,ETF,,,0.0,0.0,0.0,0.0,0.0,0.0,0.0,0.0,0.0,0.0,0.0,0.0,0.0,0.0,0.0,0.0,0.0,0.0,0.0,0.0,,Multi-Asset
CEW,WisdomTree Emerging Currency Strategy Fund,US,USD,ETF,0.0,0.039300002,0.0,0.0,0.0,0.0,0.0,0.0,0.0,0.0,0.0,0.0,0.0,0.0,0.0,1.0,0.0,0.0,0.0,0.0,0.0,0.0,0.0055,Fixed Income
CYB,WisdomTree Chinese Yuan Strategy Fund,US,USD,ETF,0.0,0.040700004,0.0,0.0,0.0,0.0,0.0,0.0,0.0,0.0,0.0,0.0,0.0,0.0,0.0,1.0,0.0,0.0,0.0,0.0,0.0,0.0,0.0045,Fixed Income
ELD,WisdomTree Emerging Markets Local Debt Fund,US,USD,ETF,0.0,0.92,0.0,0.0,0.0,0.0,0.0,0.0,0.0,0.0,0.0,0.0,0.0,0.2618,0.025899999,0.076799996,0.0113,0.1449,0.42209998,0.0,0.0572,0.0,0.0055,Fixed Income
FIE.TO,iShares Canadian Financial Monthly Income ETF Common Class,US,CAD,ETF,0.7014,0.087299995,0.0,0.0,0.0,0.0,0.0,0.89309996,0.0,0.0,0.1069,0.0,0.0,0.32650003,0.2549,0.021,0.0,0.0,0.3973,0.0,0.00029999999,0.0,0.0064999997,Multi-Asset
RIT.TO,CI First Asset Canadian REIT ETF Common,US,CAD,ETF,0.85220003,0.0,0.0,0.0,0.0,0.0,0.0,0.013300001,0.0274,0.0143,0.9451,0.0,0.0,0.0,0.0,0.0,0.0,0.0,0.0,0.0,0.0,0.0,0.009000000000000001,Equity
HAZ.TO,Horizons Active Global Dividend ETF Common,US,CAD,ETF,0.8626,0.0,0.033800002,0.0713,0.0845,0.134,0.0717,0.1161,0.1371,0.14130001,0.043899997999999996,0.0813,0.085,0.0,0.0,0.0,0.0,0.0,0.0,0.0,0.0,0.0,0.0094,Equity
HBD.TO,BetaPro Gold Bullion -2x Daily Bear ETF,US,CAD,ETF,0.0,0.0,0.0,0.0,0.0,0.0,0.0,0.0,0.0,0.0,0.0,0.0,0.0,0.0,0.0,0.0,0.0,0.0,0.0,0.0,0.0,0.0,0.0152,Fixed Income
HBU.TO,BetaPro Gold Bullion 2x Daily Bull ETF,US,CAD,ETF,0.0,0.0,0.0,0.0,0.0,0.0,0.0,0.0,0.0,0.0,0.0,0.0,0.0,0.0,0.0,0.0,0.0,0.0,0.0,0.0,0.0,0.0,0.0152,Fixed Income
IGUS.L,iShares S&amp;P 500 GBP Hedged UCITS ETF (Acc),US,GBp,ETF,0.9972,0.0,0.0249,0.0346,0.1223,0.0765,0.052199997000000005,0.16059999,0.1354,0.1022,0.0239,0.235,0.0324,0.0,0.0,0.0,0.0,0.0,0.0,0.0,0.0,0.0,0.002,Equity
HEP.TO,Horizons Enhanced Income Gold Producers ETF Common,US,CAD,ETF,0.6428,0.0,1.0,0.0,0.0,0.0,0.0,0.0,0.0,0.0,0.0,0.0,0.0,0.0,0.0,0.0,0.0,0.0,0.0,0.0,0.0,0.0,0.0083,Equity
HFD.TO,BetaPro S&amp;P/TSX Capped Financials -2x Daily Bear ETF,US,CAD,ETF,1.0,0.0,0.0,0.0,0.0,0.0,0.0,1.0,0.0,0.0,0.0,0.0,0.0,0.0,0.0,0.0,0.0,0.0,0.0,0.0,0.0,0.0,0.0152,Equity
HFU.TO,BetaPro S&amp;P/TSX Capped Financials 2x Daily Bull ETF,US,CAD,ETF,1.0,0.0,0.0,0.0,0.0,0.0,0.0,1.0,0.0,0.0,0.0,0.0,0.0,0.0,0.0,0.0,0.0,0.0,0.0,0.0,0.0,0.0,0.0152,Equity
HGD.TO,BetaPro Canadian Gold Miners -2x Daily Bear ETF,US,CAD,ETF,1.0,0.0,1.0,0.0,0.0,0.0,0.0,0.0,0.0,0.0,0.0,0.0,0.0,0.0,0.0,0.0,0.0,0.0,0.0,0.0,0.0,0.0,0.0153,Equity
HGU.TO,BetaPro Canadian Gold Miners 2x Daily Bull ETF,US,CAD,ETF,1.0,0.0,1.0,0.0,0.0,0.0,0.0,0.0,0.0,0.0,0.0,0.0,0.0,0.0,0.0,0.0,0.0,0.0,0.0,0.0,0.0,0.0,0.0136,Equity
HIU.TO,BetaPro S&amp;P 500 Daily Inverse ETF,US,CAD,ETF,1.0,0.0,0.0249,0.0347,0.1224,0.0764,0.052199997000000005,0.16049999,0.1355,0.1019,0.024300002,0.235,0.0323,0.0,0.0,0.0,0.0,0.0,0.0,0.0,0.0,0.0,0.014099998999999998,Equity
HIX.TO,BetaPro S&amp;P/TSX 60 Daily Inverse ETF,US,CAD,ETF,1.0,0.0,0.0849,0.0659,0.0395,0.0479,0.1934,0.3774,0.013300001,0.0968,0.0,0.0543,0.026600001,0.0,0.0,0.0,0.0,0.0,0.0,0.0,0.0,0.0,0.014099998999999998,Equity
HND.TO,BetaPro Natural Gas -2x Daily Bear ETF,US,CAD,ETF,0.0,0.0,0.0,0.0,0.0,0.0,0.0,0.0,0.0,0.0,0.0,0.0,0.0,0.0,0.0,0.0,0.0,0.0,0.0,0.0,0.0,0.0,0.0152,Fixed Income
HNU.TO,BetaPro Natural Gas 2x Daily Bull ETF,US,CAD,ETF,0.0,0.0,0.0,0.0,0.0,0.0,0.0,0.0,0.0,0.0,0.0,0.0,0.0,0.0,0.0,0.0,0.0,0.0,0.0,0.0,0.0,0.0,0.0137,Fixed Income
HPRD.L,HSBC FTSE EPRA NAREIT Developed UCITS ETF,US,USD,ETF,0.84459996,0.00090000004,0.0,0.0,0.0008,0.0,0.0,0.0011999999,0.0,0.0005,0.9975,0.0,0.0,0.0,0.0,0.0,0.0,0.0,0.0,0.0,0.0,0.0,0.004,Multi-Asset
HPR.TO,Horizons Active Preferred Share ETF Common,US,CAD,ETF,0.0,0.0095,0.0,0.0,0.0,0.0,0.0,0.0,0.0,0.0,0.0,0.0,0.0,0.2904,0.0,0.0049,0.0,0.0378,0.66129994,0.0,0.0045,0.0,0.0063,Fixed Income
HQD.TO,BetaPro NASDAQ-100 -2x Daily Bear ETF,US,CAD,ETF,1.0,0.0,0.0,0.0421,0.1889,0.0634,0.0,0.0182,0.081199996,0.040900003,0.0,0.5617,0.0036000002,0.0,0.0,0.0,0.0,0.0,0.0,0.0,0.0,0.0,0.0152,Equity
HQU.TO,BetaPro NASDAQ-100 2x Daily Bull ETF,US,CAD,ETF,1.0,0.0,0.0,0.0421,0.1889,0.0634,0.0,0.0182,0.081199996,0.040900003,0.0,0.5617,0.0036000002,0.0,0.0,0.0,0.0,0.0,0.0,0.0,0.0,0.0,0.0152,Equity
HSD.TO,BetaPro S&amp;P 500 -2x Daily Bear ETF,US,CAD,ETF,1.0,0.0,0.0249,0.0347,0.1224,0.0764,0.052199997000000005,0.16049999,0.1355,0.1019,0.024300002,0.235,0.0323,0.0,0.0,0.0,0.0,0.0,0.0,0.0,0.0,0.0,0.0152,Equity
HSU.TO,BetaPro S&amp;P 500 2x Daily Bull ETF,US,CAD,ETF,1.0,0.0,0.0249,0.0347,0.1224,0.0764,0.052199997000000005,0.16049999,0.1355,0.1019,0.024300002,0.235,0.0323,0.0,0.0,0.0,0.0,0.0,0.0,0.0,0.0,0.0,0.0152,Equity
HUC.TO,Horizons Crude Oil ETF,US,CAD,ETF,0.0,0.0,0.0,0.0,0.0,0.0,0.0,0.0,0.0,0.0,0.0,0.0,0.0,0.0,0.0,0.0,0.0,0.0,0.0,0.0,0.0,0.0,0.0087,Fixed Income
HUV.TO,BetaPro S&amp;P 500 VIX Short-Term Futures ETF,US,CAD,ETF,0.0,0.0,0.0,0.0,0.0,0.0,0.0,0.0,0.0,0.0,0.0,0.0,0.0,0.0,0.0,0.0,0.0,0.0,0.0,0.0,0.0,0.0,0.01,Fixed Income
HUZ.TO,Horizons Silver ETF,US,CAD,ETF,0.0,0.0,0.0,0.0,0.0,0.0,0.0,0.0,0.0,0.0,0.0,0.0,0.0,0.0,0.0,0.0,0.0,0.0,0.0,0.0,0.0,0.0,0.0075,Fixed Income
HXD.TO,BetaPro S&amp;P/TSX 60 -2x Daily Bear ETF,US,CAD,ETF,1.0,0.0,0.0849,0.0659,0.0395,0.0479,0.1934,0.3774,0.013300001,0.0968,0.0,0.0543,0.026600001,0.0,0.0,0.0,0.0,0.0,0.0,0.0,0.0,0.0,0.0153,Equity
HXS.TO,Horizons S&amp;P 500 Index ETF,US,CAD,ETF,1.0,0.0,0.0249,0.0347,0.1224,0.0764,0.052199997000000005,0.16049999,0.1355,0.1019,0.024300002,0.235,0.0323,0.0,0.0,0.0,0.0,0.0,0.0,0.0,0.0,0.0,0.0011,Equity
HXT.TO,Horizons S&amp;P/TSX 60 Index ETF,US,CAD,ETF,1.0,0.0,0.0849,0.0659,0.0395,0.0479,0.1934,0.3774,0.013300001,0.0968,0.0,0.0543,0.026600001,0.0,0.0,0.0,0.0,0.0,0.0,0.0,0.0,0.0,0.00029999999,Equity
HXU.TO,BetaPro S&amp;P/TSX 60 2x Daily Bull ETF,US,CAD,ETF,1.0,0.0,0.0849,0.0659,0.0395,0.0479,0.1934,0.3774,0.013300001,0.0968,0.0,0.0543,0.026600001,0.0,0.0,0.0,0.0,0.0,0.0,0.0,0.0,0.0,0.0152,Equity
HZD.TO,BetaPro Silver -2x Daily Bear ETF,US,CAD,ETF,0.0,0.0,0.0,0.0,0.0,0.0,0.0,0.0,0.0,0.0,0.0,0.0,0.0,0.0,0.0,0.0,0.0,0.0,0.0,0.0,0.0,0.0,0.0152,Fixed Income
HZU.TO,BetaPro Silver 2x Daily Bull ETF,US,CAD,ETF,0.0,0.0,0.0,0.0,0.0,0.0,0.0,0.0,0.0,0.0,0.0,0.0,0.0,0.0,0.0,0.0,0.0,0.0,0.0,0.0,0.0,0.0,0.0152,Fixed Income
SVR.TO,iShares Silver Bullion ETF (CAD-Hedged),US,CAD,ETF,0.0,0.0,0.0,0.0,0.0,0.0,0.0,0.0,0.0,0.0,0.0,0.0,0.0,0.0,0.0,0.0,0.0,0.0,0.0,0.0,0.0,0.0,0.006,Fixed Income
XBB.TO,iShares Core Canadian Universe Bond Index ETF,US,CAD,ETF,0.0,0.98330003,0.0,0.0,0.0,0.0,0.0,0.0,0.0,0.0,0.0,0.0,0.0,0.1283,0.37,0.39130002,0.0,0.0,0.109,0.0,0.0014,0.0,0.001,Fixed Income
XCB.TO,iShares Canadian Corporate Bond Index ETF,US,CAD,ETF,0.0,0.94769996,0.0,0.0,0.0,0.0,0.0,0.0,0.0,0.0,0.0,0.0,0.0,0.32650003,0.2549,0.021,0.0,0.0,0.3973,0.0,0.00029999999,0.0,0.0044,Fixed Income
XCG.TO,iShares Canadian Growth Index ETF,US,CAD,ETF,0.9981,0.0,0.0638,0.0382,0.0715,0.1101,0.23799999,0.0793,0.0339,0.2309,0.0,0.1249,0.0094,0.0,0.0,0.0,0.0,0.0,0.0,0.0,0.0,0.0,0.0055,Equity
XCS.TO,iShares S&amp;P/TSX Small Cap Index ETF,US,CAD,ETF,0.9964,0.0,0.22379999,0.0081,0.1025,0.0355,0.19309999,0.0669,0.059899997,0.1065,0.1397,0.031400002999999996,0.0324,0.0,0.0,0.0,0.0,0.0,0.0,0.0,0.0,0.0,0.0061000003,Equity
XCV.TO,iShares Canadian Value Index ETF,US,CAD,ETF,0.9978,0.0,0.0975,0.0846,0.0221,0.0064,0.1524,0.5589999999999999,0.0084,0.0128999995,0.0336,0.0,0.0232,0.0,0.0,0.0,0.0,0.0,0.0,0.0,0.0,0.0,0.0055,Equity
XDV.TO,iShares Canadian Select Dividend Index ETF,US,CAD,ETF,0.9979,0.0,0.039,0.1336,0.012,0.0,0.060700002999999995,0.6153,0.0,0.0308,0.0136,0.0,0.095,0.0,0.0,0.0,0.0,0.0,0.0,0.0,0.0,0.0,0.0055,Equity
XEG.TO,iShares S&amp;P/TSX Capped Energy Index ETF,US,CAD,ETF,0.9990000000000001,0.0,0.0,0.0,0.0,0.0,1.0,0.0,0.0,0.0,0.0,0.0,0.0,0.0,0.0,0.0,0.0,0.0,0.0,0.0,0.0,0.0,0.0061000003,Equity
XEM.TO,iShares MSCI Emerging Markets Index ETF,US,CAD,ETF,0.9944,0.0,0.0734,0.044699997000000005,0.1168,0.0668,0.0774,0.24120001,0.0252,0.0484,0.0326,0.2497,0.0238,0.0,0.0,0.0,0.0,0.0,0.0,0.0,0.0,0.0,0.0078,Equity
XFN.TO,iShares S&amp;P/TSX Capped Financials Index ETF,US,CAD,ETF,0.9965,0.0,0.0,0.0,0.0,0.0,0.0,1.0,0.0,0.0,0.0,0.0,0.0,0.0,0.0,0.0,0.0,0.0,0.0,0.0,0.0,0.0,0.0061000003,Equity
XGB.TO,iShares Canadian Government Bond Index ETF,US,CAD,ETF,0.0,0.9998,0.0,0.0,0.0,0.0,0.0,0.0,0.0,0.0,0.0,0.0,0.0,0.048899997,0.41259998,0.5367,0.0,0.0,0.0,0.0,0.0018000001,0.0,0.0038,Fixed Income
XGD.TO,iShares S&amp;P/TSX Global Gold Index ETF,US,CAD,ETF,0.9976,0.0,1.0,0.0,0.0,0.0,0.0,0.0,0.0,0.0,0.0,0.0,0.0,0.0,0.0,0.0,0.0,0.0,0.0,0.0,0.0,0.0,0.0061000003,Equity
XIC.TO,iShares Core S&amp;P/TSX Capped Composite Index ETF,US,CAD,ETF,0.9983,0.0,0.100200005,0.055,0.046,0.0434,0.18180001,0.33169997,0.020599999,0.1015,0.0345,0.0465,0.038900002999999996,0.0,0.0,0.0,0.0,0.0,0.0,0.0,0.0,0.0,0.0005999999700000001,Equity
XIT.TO,iShares S&amp;P/TSX Capped Information Technology Index ETF,US,CAD,ETF,0.9991,0.0,0.0,0.0,0.0,0.0,0.0,0.0,0.0,0.0,0.0,1.0,0.0,0.0,0.0,0.0,0.0,0.0,0.0,0.0,0.0,0.0,0.0061000003,Equity
XIU.TO,iShares S&amp;P/TSX 60 Index ETF,US,CAD,ETF,0.998,0.0,0.0849,0.0659,0.0395,0.0479,0.1934,0.3774,0.013300001,0.0968,0.0,0.0543,0.026600001,0.0,0.0,0.0,0.0,0.0,0.0,0.0,0.0,0.0,0.0018000001,Equity
XLB.TO,iShares Core Canadian Long Term Bond Index ETF,US,CAD,ETF,0.0,0.9994,0.0,0.0,0.0,0.0,0.0,0.0,0.0,0.0,0.0,0.0,0.0,0.1935,0.4578,0.264,0.0,0.0,0.0847,0.0,0.0,0.0,0.002,Fixed Income
XMD.TO,iShares S&amp;P/TSX Completion Index ETF,US,CAD,ETF,0.9978,0.0,0.1551,0.0159,0.0695,0.0273,0.14,0.1666,0.047,0.1182,0.1592,0.018000000000000002,0.0833,0.0,0.0,0.0,0.0,0.0,0.0,0.0,0.0,0.0,0.0061000003,Equity
XQB.TO,iShares High Quality Canadian Bond Index ETF Common Class,US,CAD,ETF,0.0,0.97870004,0.0,0.0,0.0,0.0,0.0,0.0,0.0,0.0,0.0,0.0,0.0,0.1565,0.4963,0.3456,0.0,0.0,0.0,0.0,0.0015,0.0,0.0013,Fixed Income
XQQ.TO,iShares NASDAQ 100 Index ETF (CAD-Hedged),US,CAD,ETF,0.992,0.0,0.0,0.0431,0.18959999,0.060900003,0.0,0.0186,0.074099995,0.040599998,0.0,0.5696,0.0034999999,0.0,0.0,0.0,0.0,0.0,0.0,0.0,0.0001,0.0,0.0039,Equity
XRB.TO,iShares Canadian Real Return Bond Index ETF,US,CAD,ETF,0.0,1.0,0.0,0.0,0.0,0.0,0.0,0.0,0.0,0.0,0.0,0.0,0.0,0.0041,0.115600005,0.8804,0.0,0.0,0.0,0.0,0.0,0.0,0.0039,Fixed Income
XRE.TO,iShares S&amp;P/TSX Capped REIT Index ETF,US,CAD,ETF,0.9963,0.0,0.0,0.0,0.0,0.0,0.0,0.0,0.0,0.0,1.0,0.0,0.0,0.0,0.0,0.0,0.0,0.0,0.0,0.0,0.0,0.0,0.0061000003,Equity
XSB.TO,iShares Core Canadian Short Term Bond Index ETF,US,CAD,ETF,0.0,0.96919996,0.0,0.0,0.0,0.0,0.0,0.0,0.0,0.0,0.0,0.0,0.0,0.0904,0.2865,0.5101,0.0,0.0,0.112799995,0.0,0.0002,0.0,0.001,Fixed Income
XSH.TO,iShares Core Canadian Short Term Corporate + Maple Bond Index ETF,US,CAD,ETF,0.0,0.9117,0.0,0.0,0.0,0.0,0.0,0.0,0.0,0.0,0.0,0.0,0.0,0.2546,0.36020002,0.0358,0.0,0.0,0.3345,0.0,0.0149,0.0,0.001,Fixed Income
XSP.TO,iShares Core S&amp;P 500 Index ETF (CAD-Hedged),US,CAD,ETF,0.991,0.0,0.0249,0.0347,0.1223,0.0764,0.052199997000000005,0.1604,0.1355,0.1022,0.0239,0.235,0.0324,0.0,0.0,0.0,0.0,0.0,0.0,0.0,0.00029999999,0.0,0.0011,Equity
XSU.TO,iShares U.S. Small Cap Index ETF (CAD-Hedged),US,CAD,ETF,0.9922,0.0,0.051799998,0.0134000005,0.1288,0.0353,0.0292,0.16620001,0.1361,0.1432,0.0862,0.1731,0.0368,0.0,0.0,0.0,0.0,0.0,0.0,0.0,0.0005999999700000001,0.0,0.0036000002,Equity
XWD.TO,iShares MSCI World Index ETF,US,CAD,ETF,0.9936,0.0,0.045,0.0373,0.1178,0.0892,0.059299998,0.17940001,0.12189999,0.11310001,0.0275,0.17639999,0.0332,0.0,0.0,0.0,0.0,0.0,0.0,0.0,0.0,0.0,0.0047,Equity
ZAG.TO,BMO Aggregate Bond Index ETF,US,CAD,ETF,0.0,0.97660005,0.0,0.0,0.0,0.0,0.0,0.0,0.0,0.0,0.0,0.0,0.0,0.097799994,0.3977,0.385,0.0,0.0,0.111499995,0.0,0.0,0.0,0.00090000004,Fixed Income
ZCH.TO,BMO China Equity Index ETF,US,CAD,ETF,0.9986,0.0,0.0077,0.112399995,0.29709998,0.0626,0.1295,0.050300002,0.020499998999999998,0.0368,0.0,0.2717,0.0115,0.0,0.0,0.0,0.0,0.0,0.0,0.0,0.0,0.0,0.007099999599999999,Equity
ZCM.TO,BMO Mid Corporate Bond Index ETF,US,CAD,ETF,0.0,0.95949996,0.0,0.0,0.0,0.0,0.0,0.0,0.0,0.0,0.0,0.0,0.0,0.27399999999999997,0.2334,0.0,0.0,0.0,0.48599997,0.0,0.0,0.0,0.0033000002,Fixed Income
ZCN.TO,BMO S&amp;P/TSX Capped Composite Index ETF,US,CAD,ETF,0.99660003,0.0,0.1039,0.0574,0.0464,0.0446,0.1894,0.3134,0.020499998999999998,0.09970000400000001,0.0358,0.0484,0.0404,0.0,0.0,0.0,0.0,0.0,0.0,0.0,0.0,0.0,0.0005,Equity
ZCS.TO,BMO Short Corporate Bond Index ETF,US,CAD,ETF,0.0,0.90980005,0.0,0.0,0.0,0.0,0.0,0.0,0.0,0.0,0.0,0.0,0.0,0.2289,0.3702,0.0356,0.0,0.0,0.35720003,0.0,0.0,0.0,0.0011,Fixed Income
ZDJ.TO,BMO Dow Jones Industrial Average Hedged to CAD Index ETF,US,CAD,ETF,0.9938,0.0,0.0145000005,0.0146,0.1597,0.0796,0.0511,0.1906,0.1259,0.2166,0.0,0.1475,0.0,0.0,0.0,0.0,0.0,0.0,0.0,0.0,0.0,0.0,0.0026,Equity
ZDM.TO,BMO MSCI EAFE Hedged to CAD Index ETF,US,CAD,ETF,0.96800005,0.0,0.0766,0.0434,0.1165,0.120900005,0.053400002,0.2009,0.0962,0.1309,0.0405,0.0828,0.0378,0.0,0.0,0.0,0.0,0.0,0.0,0.0,0.0182,0.0,0.0022,Equity
ZEB.TO,BMO Equal Weight Banks Index ETF,US,CAD,ETF,0.9997,0.0,0.0,0.0,0.0,0.0,0.0,1.0,0.0,0.0,0.0,0.0,0.0,0.0,0.0,0.0,0.0,0.0,0.0,0.0,0.0,0.0,0.006,Equity
ZEF.TO,BMO Emerging Market Bond Hedged to CAD Index ETF,US,CAD,ETF,0.0,0.9861,0.0,0.0,0.0,0.0,0.0,0.0,0.0,0.0,0.0,0.0,0.0,0.1906,0.028199999,0.0,0.1058,0.2203,0.28440002,0.0297,0.1271,0.0,0.0055,Fixed Income
ZEM.TO,BMO MSCI Emerging Markets Index ETF,US,CAD,ETF,0.97720003,0.0008,0.0736,0.041300002,0.1393,0.0591,0.070199996,0.1991,0.025899999,0.0481,0.037000000000000005,0.2858,0.020399999,0.0,0.0,0.0,0.0,0.0,0.0,0.0,0.0148,0.0,0.0026,Multi-Asset
ZEO.TO,BMO Equal Weight Oil &amp; Gas Index ETF,US,CAD,ETF,0.9969,0.0,0.0,0.0,0.0,0.0,1.0,0.0,0.0,0.0,0.0,0.0,0.0,0.0,0.0,0.0,0.0,0.0,0.0,0.0,0.0,0.0,0.0061000003,Equity
ZFL.TO,BMO Long Federal Bond Index ETF,US,CAD,ETF,0.0,0.98510003,0.0,0.0,0.0,0.0,0.0,0.0,0.0,0.0,0.0,0.0,0.0,0.0,0.0,0.98510003,0.0,0.0,0.0,0.0,0.0,0.0,0.0021,Fixed Income
ZFM.TO,BMO Mid Federal Bond Index ETF,US,CAD,ETF,0.0,0.99480003,0.0,0.0,0.0,0.0,0.0,0.0,0.0,0.0,0.0,0.0,0.0,0.0,0.0,0.99480003,0.0,0.0,0.0,0.0,0.0,0.0,0.0022,Fixed Income
ZFS.TO,BMO Short Federal Bond Index ETF,US,CAD,ETF,0.0,0.9949,0.0,0.0,0.0,0.0,0.0,0.0,0.0,0.0,0.0,0.0,0.0,0.0,0.0,0.9949,0.0,0.0,0.0,0.0,0.0,0.0,0.0021,Fixed Income
ZGI.TO,BMO Global Infrastructure Index ETF,US,CAD,ETF,0.9981,0.0,0.001,0.1365,0.0,0.0,0.3886,0.0,0.0,0.013099999,0.0763,0.0,0.38439998,0.0,0.0,0.0,0.0,0.0,0.0,0.0,0.0,0.0,0.006,Equity
ZHY.TO,BMO High Yield US Corporate Bond Hedged to CAD Index ETF,US,CAD,ETF,0.0001,0.97440004,0.0,0.0,0.0,0.0,0.0007,0.0,0.0007,0.9986,0.0,0.0,0.0,0.0,0.0,0.0,0.36810002,0.4739,0.035099998,0.09689999,0.0033000002,0.0,0.006,Multi-Asset
ZID.TO,BMO India Equity Index ETF,US,CAD,ETF,0.9998,0.0,0.0446,0.0,0.0545,0.0,0.15609999,0.41529998,0.0162,0.1263,0.0,0.1656,0.0214,0.0,0.0,0.0,0.0,0.0,0.0,0.0,0.0,0.0,0.0069,Equity
ZJG.TO,BMO Junior Gold Index ETF,US,CAD,ETF,0.9989,0.0,1.0,0.0,0.0,0.0,0.0,0.0,0.0,0.0,0.0,0.0,0.0,0.0,0.0,0.0,0.0,0.0,0.0,0.0,0.0,0.0,0.006,Equity
ZJN.TO,BMO Junior Gas Index ETF,US,CAD,ETF,0.9951,0.0,0.0,0.0,0.0,0.0,1.0,0.0,0.0,0.0,0.0,0.0,0.0,0.0,0.0,0.0,0.0,0.0,0.0,0.0,0.0,0.0,0.0058,Equity
ZJO.TO,BMO Junior Oil Index ETF,US,CAD,ETF,0.9977,0.0,0.0076,0.0,0.0,0.0,0.9924,0.0,0.0,0.0,0.0,0.0,0.0,0.0,0.0,0.0,0.0,0.0,0.0,0.0,0.0,0.0,0.006,Equity
ZLC.TO,BMO Long Corporate Bond Index ETF,US,CAD,ETF,0.0,0.9886,0.0,0.0,0.0,0.0,0.0,0.0,0.0,0.0,0.0,0.0,0.0,0.5927,0.0963,0.0,0.0,0.0,0.2996,0.0,0.0,0.0,0.0032,Fixed Income
ZMI.TO,BMO Monthly Income ETF,US,CAD,ETF,0.49330002,0.3716,0.0499,0.0579,0.0863,0.0465,0.096599996,0.17819999,0.0427,0.066300005,0.1872,0.044699997000000005,0.1438,0.108500004,0.1201,0.0107,0.0021,0.0045,0.14300000000000002,0.0005999999700000001,0.006,0.0,0.0061000003,Multi-Asset
ZMT.TO,BMO Equal Weight Global Base Metals Hedged to CAD Index ETF,US,CAD,ETF,0.991,0.0,0.7288,0.0,0.0,0.0,0.0,0.0,0.0,0.2712,0.0,0.0,0.0,0.0,0.0,0.0,0.0,0.0,0.0,0.0,0.0,0.0,0.0061000003,Equity
ZPS.TO,BMO Short Provincial Bond Index ETF,US,CAD,ETF,0.0,0.99120003,0.0,0.0,0.0,0.0,0.0,0.0,0.0,0.0,0.0,0.0,0.0,0.0069999998,0.9225,0.0617,0.0,0.0,0.0,0.0,0.0,0.0,0.0027,Fixed Income
ZQQ.TO,BMO Nasdaq 100 Equity Hedged to CAD Index ETF,US,CAD,ETF,0.9942,0.0,0.0,0.043,0.18969999,0.060900003,0.0,0.0186,0.074099995,0.040599998,0.0,0.5695,0.0034999999,0.0,0.0,0.0,0.0,0.0,0.0,0.0,0.0,0.0,0.0039,Equity
ZRE.TO,BMO Equal Weight REITs Index ETF,US,CAD,ETF,0.9958,0.0,0.0,0.0,0.0,0.0,0.0,0.0,0.0,0.0,1.0,0.0,0.0,0.0,0.0,0.0,0.0,0.0,0.0,0.0,0.0,0.0,0.0061000003,Equity
ZRR.TO,BMO Real Return Bond Index ETF,US,CAD,ETF,0.0,0.9936,0.0,0.0,0.0,0.0,0.0,0.0,0.0,0.0,0.0,0.0,0.0,0.0,0.0,0.9936,0.0,0.0,0.0,0.0,0.0,0.0,0.0028,Fixed Income
ZST.TO,BMO Ultra Short-Term Bond ETF,US,CAD,ETF,0.0,0.79940003,0.0,0.0,0.0,0.0,0.0,0.0,0.0,0.0,0.0,0.0,0.0,0.35810003,0.1603,0.03,0.0,0.0495,0.3959,0.0,0.0,0.0,0.0017,Fixed Income
ZUB.TO,BMO Equal Weight US Banks Hedged to CAD Index ETF,US,CAD,ETF,0.99,0.0,0.0,0.0,0.0,0.0,0.0,1.0,0.0,0.0,0.0,0.0,0.0,0.0,0.0,0.0,0.0,0.0,0.0,0.0,0.0,0.0,0.0038,Equity
ZUE.TO,BMO S&amp;P 500 Hedged to CAD Index ETF,US,CAD,ETF,0.9899,0.0,0.024600001,0.0356,0.1189,0.0777,0.0543,0.154,0.1449,0.1018,0.0254,0.22940001,0.033299997000000005,0.0,0.0,0.0,0.0,0.0,0.0,0.0,0.0,0.0,0.00090000004,Equity
ZUH.TO,BMO Equal Weight US Health Care Hedged to CAD Index ETF,US,CAD,ETF,0.9934,0.0,0.0,0.0,0.0,0.0,0.0,0.0,1.0,0.0,0.0,0.0,0.0,0.0,0.0,0.0,0.0,0.0,0.0,0.0,0.0,0.0,0.0039,Equity
ZUT.TO,BMO Equal Weight Utilities Index ETF,US,CAD,ETF,0.9933,0.0,0.0,0.0,0.0,0.0,0.0,0.0,0.0,0.0,0.0,0.0,1.0,0.0,0.0,0.0,0.0,0.0,0.0,0.0,0.0,0.0,0.006,Equity
ZWB.TO,BMO Covered Call Canadian Banks ETF,US,CAD,ETF,0.9969,0.0,0.0,0.0,0.0,0.0,0.0,1.0,0.0,0.0,0.0,0.0,0.0,0.0,0.0,0.0,0.0,0.0,0.0,0.0,0.0,0.0,0.007099999599999999,Equity
